order_id,customer_id,sales_rep_id,order_date,order_status
1,57,12,2025-09-15,Delivered
2,42,10,2025-04-28,Delivered
3,5,2,2025-12-15,Delivered
4,56,12,2025-01-04,Cancelled
5,31,7,2025-07-02,Delivered
6,51,11,2025-11-02,Delivered
7,32,7,2025-06-15,Delivered
8,2,2,2026-05-16,Delivered
9,16,4,2025-11-11,Delivered
10,3,2,2025-03-22,Delivered
11,43,9,2026-06-30,Delivered
12,6,3,2026-07-17,Delivered
13,56,12,2026-03-10,Delivered
14,57,12,2026-02-13,Delivered
15,29,7,2026-06-14,Delivered
16,2,3,2025-12-13,Delivered
17,1,3,2025-08-14,Delivered
18,3,1,2025-08-23,Delivered
19,31,8,2025-03-14,Delivered
20,32,8,2025-08-08,Delivered
21,50,11,2026-04-30,Delivered
22,29,8,2026-11-06,Delivered
23,42,9,2025-02-25,Delivered
24,49,11,2025-12-14,Delivered
25,32,7,2025-07-14,Delivered
26,29,7,2025-10-13,Delivered
27,4,3,2026-07-18,Cancelled
28,57,12,2025-01-16,Delivered
29,30,8,2026-05-13,Delivered
30,20,5,2025-06-18,Delivered
31,18,6,2026-04-11,Cancelled
32,41,10,2026-07-24,Delivered
33,15,4,2025-10-31,Delivered
34,3,2,2026-07-10,Delivered
35,30,7,2026-08-22,Delivered
36,3,1,2026-06-05,Delivered
37,42,9,2025-03-11,Delivered
38,17,6,2026-08-07,Delivered
39,29,8,2025-03-25,Delivered
40,42,10,2025-07-29,Delivered
41,5,3,2026-02-10,Delivered
42,56,12,2025-11-20,Delivered
43,57,12,2026-09-29,Delivered
44,31,7,2025-08-07,Delivered
45,51,11,2025-03-12,Delivered
46,50,11,2026-03-25,Delivered
47,31,8,2026-11-01,Shipped
48,56,12,2025-04-17,Delivered
49,43,9,2025-04-20,Delivered
50,15,5,2026-09-12,Delivered
51,51,11,2026-10-12,Delivered
52,4,2,2025-02-22,Delivered
53,1,1,2025-02-15,Delivered
54,7,2,2025-09-26,Delivered
55,32,7,2026-03-14,Delivered
56,55,12,2026-12-09,Processing
57,32,8,2026-08-20,Delivered
58,20,4,2025-11-12,Delivered
59,42,9,2025-08-04,Delivered
60,51,11,2026-07-28,Cancelled
61,55,12,2025-06-08,Delivered
62,51,11,2025-07-01,Delivered
63,49,11,2025-12-07,Delivered
64,18,6,2025-09-12,Delivered
65,51,11,2025-02-09,Delivered
66,20,4,2026-04-17,Delivered
67,7,2,2026-11-07,Delivered
68,57,12,2025-03-13,Delivered
69,21,6,2026-06-06,Delivered
70,5,2,2025-01-29,Delivered
71,2,3,2025-09-29,Delivered
72,29,7,2025-11-18,Delivered
73,7,1,2026-08-14,Delivered
74,31,7,2025-01-02,Delivered
75,56,12,2025-03-13,Delivered
76,51,11,2026-11-11,Delivered
77,21,5,2026-11-14,Delivered
78,5,2,2026-07-22,Delivered
79,42,9,2026-01-24,Delivered
80,21,4,2025-11-05,Delivered
81,29,8,2025-08-04,Delivered
82,42,10,2026-03-29,Delivered
83,41,10,2025-06-23,Delivered
84,34,7,2026-10-11,Delivered
85,42,9,2025-08-29,Delivered
86,2,1,2025-05-31,Cancelled
87,51,11,2026-09-18,Delivered
88,33,8,2026-10-07,Delivered
89,6,3,2025-09-07,Delivered
90,49,11,2025-04-20,Delivered
91,31,7,2026-12-14,Shipped
92,29,8,2025-05-05,Delivered
93,33,8,2026-07-27,Delivered
94,29,8,2026-06-01,Delivered
95,29,7,2026-05-02,Delivered
96,49,11,2025-10-11,Delivered
97,29,8,2025-10-09,Delivered
98,18,6,2025-12-10,Delivered
99,16,6,2025-06-04,Delivered
100,3,2,2025-08-08,Delivered
101,29,7,2026-04-23,Delivered
102,55,12,2026-02-03,Delivered
103,21,4,2026-08-13,Delivered
104,44,10,2025-11-02,Delivered
105,49,11,2026-07-14,Delivered
106,29,7,2025-10-07,Delivered
107,42,10,2026-11-16,Delivered
108,55,12,2026-04-24,Delivered
109,33,7,2026-08-30,Delivered
110,5,2,2026-03-15,Delivered
111,21,4,2025-09-24,Delivered
112,44,10,2025-12-12,Delivered
113,17,4,2026-03-08,Delivered
114,2,2,2026-07-07,Delivered
115,49,11,2025-03-12,Delivered
116,7,1,2025-09-11,Delivered
117,5,3,2025-09-02,Delivered
118,30,8,2025-08-12,Delivered
119,34,7,2025-06-21,Delivered
120,56,12,2025-06-17,Delivered
121,33,8,2025-11-16,Delivered
122,3,3,2025-07-23,Delivered
123,5,2,2025-09-06,Delivered
124,50,11,2026-09-07,Delivered
125,41,9,2026-03-15,Delivered
126,1,2,2025-12-16,Delivered
127,29,8,2025-04-19,Delivered
128,43,10,2026-04-16,Delivered
129,56,12,2026-06-19,Delivered
130,44,10,2026-07-06,Delivered
131,17,4,2026-08-30,Delivered
132,18,5,2025-03-30,Delivered
133,33,8,2026-04-21,Delivered
134,51,11,2026-05-22,Delivered
135,49,11,2025-12-30,Delivered
136,43,10,2026-09-03,Delivered
137,56,12,2026-06-14,Delivered
138,30,7,2026-02-21,Delivered
139,43,10,2026-10-24,Delivered
140,18,5,2025-04-06,Delivered
141,42,10,2025-11-10,Delivered
142,19,6,2026-06-28,Delivered
143,43,10,2025-12-27,Delivered
144,5,1,2025-08-25,Delivered
145,56,12,2026-07-03,Delivered
146,18,6,2026-05-11,Cancelled
147,33,7,2026-06-22,Delivered
148,16,4,2025-10-31,Delivered
149,31,8,2026-12-27,Delivered
150,32,7,2025-02-25,Delivered
151,5,1,2026-05-18,Delivered
152,30,8,2026-04-26,Delivered
153,17,5,2025-02-22,Delivered
154,21,4,2025-03-08,Delivered
155,2,1,2026-12-04,Processing
156,3,1,2025-11-08,Delivered
157,34,7,2026-03-03,Delivered
158,29,8,2026-01-25,Delivered
159,57,12,2026-08-26,Delivered
160,34,7,2025-03-03,Delivered
161,34,8,2025-08-01,Delivered
162,16,6,2025-06-10,Delivered
163,21,6,2025-01-03,Delivered
164,2,2,2025-10-26,Delivered
165,51,11,2026-12-21,Shipped
166,49,11,2025-09-28,Delivered
167,15,4,2026-07-12,Delivered
168,3,1,2025-05-26,Delivered
169,43,10,2026-09-02,Delivered
170,42,10,2026-04-25,Delivered
171,32,8,2026-05-28,Delivered
172,51,11,2025-02-10,Delivered
173,3,3,2025-01-27,Delivered
174,33,7,2026-08-13,Cancelled
175,50,11,2026-11-20,Delivered
176,30,8,2025-06-29,Delivered
177,57,12,2025-07-05,Delivered
178,57,12,2026-05-19,Delivered
179,18,4,2025-12-08,Delivered
180,21,5,2025-12-04,Delivered
181,50,11,2026-02-15,Delivered
182,17,4,2025-11-19,Cancelled
183,51,11,2026-02-18,Delivered
184,29,7,2026-07-10,Delivered
185,34,8,2026-01-06,Delivered
186,7,3,2025-02-22,Delivered
187,29,8,2025-10-22,Delivered
188,34,7,2026-10-08,Delivered
189,32,8,2025-11-15,Delivered
190,29,7,2025-04-27,Delivered
191,31,8,2025-06-07,Delivered
192,29,8,2025-10-07,Cancelled
193,29,7,2025-09-07,Delivered
194,31,7,2026-09-06,Delivered
195,49,11,2025-10-10,Delivered
196,17,4,2026-06-04,Delivered
197,51,11,2025-11-02,Delivered
198,32,8,2026-04-03,Delivered
199,20,5,2026-07-11,Delivered
200,16,5,2026-12-16,Delivered
201,2,3,2026-02-25,Delivered
202,20,6,2026-01-26,Delivered
203,57,12,2026-10-30,Cancelled
204,31,8,2025-05-10,Delivered
205,4,2,2026-03-27,Delivered
206,29,7,2025-05-28,Delivered
207,19,6,2025-09-29,Delivered
208,51,11,2025-03-24,Cancelled
209,43,10,2026-10-04,Shipped
210,34,7,2025-02-06,Delivered
211,57,12,2025-10-22,Delivered
212,44,9,2025-04-11,Delivered
213,18,4,2026-12-12,Delivered
214,18,5,2025-02-27,Delivered
215,32,7,2025-09-08,Delivered
216,34,8,2025-03-22,Delivered
217,31,7,2025-09-04,Delivered
218,17,5,2026-10-16,Delivered
219,55,12,2026-04-22,Delivered
220,57,12,2025-12-20,Delivered
221,42,10,2026-03-11,Delivered
222,57,12,2025-07-23,Delivered
223,32,8,2026-01-26,Cancelled
224,2,3,2025-10-30,Delivered
225,32,7,2025-01-09,Delivered
226,50,11,2026-05-24,Delivered
227,34,8,2025-08-24,Delivered
228,34,7,2025-07-14,Delivered
229,41,10,2026-10-05,Delivered
230,33,7,2025-02-04,Delivered
231,19,5,2025-10-30,Delivered
232,49,11,2025-05-16,Delivered
233,50,11,2025-10-07,Delivered
234,57,12,2026-05-09,Delivered
235,50,11,2025-12-13,Cancelled
236,43,9,2025-05-25,Delivered
237,57,12,2026-11-22,Delivered
238,1,3,2026-02-09,Delivered
239,41,10,2026-01-13,Delivered
240,56,12,2026-10-16,Delivered
241,2,3,2026-04-28,Delivered
242,15,4,2026-09-17,Delivered
243,55,12,2026-04-21,Delivered
244,6,1,2025-04-30,Delivered
245,5,1,2026-05-20,Delivered
246,21,5,2025-05-19,Delivered
247,56,12,2026-12-15,Shipped
248,51,11,2025-06-08,Delivered
249,29,8,2026-09-23,Delivered
250,7,2,2026-01-15,Cancelled
251,4,3,2026-01-07,Delivered
252,20,5,2026-10-23,Delivered
253,56,12,2025-05-06,Delivered
254,34,7,2025-08-06,Delivered
255,16,4,2025-12-08,Delivered
256,3,3,2025-07-30,Delivered
257,50,11,2025-08-10,Delivered
258,49,11,2025-06-01,Delivered
259,57,12,2025-05-29,Delivered
260,41,9,2025-04-23,Delivered
261,49,11,2026-01-02,Delivered
262,7,1,2025-01-17,Delivered
263,31,7,2026-03-08,Delivered
264,31,7,2026-01-06,Delivered
265,56,12,2025-08-15,Delivered
266,31,8,2026-11-06,Delivered
267,3,2,2025-02-01,Delivered
268,42,10,2026-03-13,Delivered
269,3,1,2026-03-31,Delivered
270,3,2,2025-06-01,Delivered
271,32,8,2026-08-23,Delivered
272,32,8,2026-09-04,Delivered
273,4,3,2026-03-17,Delivered
274,41,9,2026-11-02,Delivered
275,29,8,2025-08-22,Delivered
276,19,5,2025-04-08,Delivered
277,56,12,2026-01-19,Delivered
278,4,1,2025-03-29,Delivered
279,50,11,2026-01-17,Delivered
280,32,7,2026-07-30,Delivered
281,56,12,2026-11-13,Shipped
282,57,12,2025-02-22,Delivered
283,31,7,2026-08-15,Delivered
284,51,11,2025-08-18,Delivered
285,5,2,2026-01-12,Delivered
286,51,11,2026-03-16,Delivered
287,50,11,2026-11-05,Delivered
288,43,10,2025-10-07,Delivered
289,1,1,2025-12-26,Delivered
290,3,3,2026-02-15,Delivered
291,3,3,2025-02-01,Delivered
292,29,7,2026-03-06,Delivered
293,49,11,2025-11-29,Delivered
294,6,3,2025-06-09,Delivered
295,18,6,2025-03-25,Delivered
296,29,8,2026-09-14,Delivered
297,5,2,2026-06-09,Delivered
298,42,10,2026-11-26,Delivered
299,2,2,2025-11-12,Cancelled
300,1,2,2025-02-26,Delivered
301,44,10,2025-05-21,Delivered
302,30,8,2025-01-08,Delivered
303,31,7,2026-01-25,Delivered
304,50,11,2026-11-16,Delivered
305,29,8,2025-02-13,Delivered
306,33,8,2025-11-17,Delivered
307,18,5,2026-03-04,Delivered
308,7,3,2025-11-29,Delivered
309,55,12,2026-12-08,Delivered
310,17,6,2025-04-19,Delivered
311,21,5,2025-03-22,Delivered
312,19,4,2025-08-15,Delivered
313,5,3,2026-10-11,Delivered
314,19,6,2025-12-24,Delivered
315,4,2,2025-08-30,Delivered
316,6,3,2026-09-09,Delivered
317,31,8,2026-10-06,Delivered
318,34,8,2026-08-02,Delivered
319,19,5,2026-10-05,Delivered
320,34,8,2026-03-29,Delivered
321,30,8,2025-12-27,Delivered
322,3,2,2025-02-08,Delivered
323,34,8,2025-04-03,Delivered
324,56,12,2026-07-22,Delivered
325,41,10,2026-08-09,Delivered
326,6,1,2026-05-29,Delivered
327,57,12,2025-12-18,Delivered
328,2,3,2025-06-26,Delivered
329,31,7,2026-03-26,Delivered
330,21,5,2025-10-17,Delivered
331,49,11,2025-02-23,Delivered
332,32,8,2025-04-07,Delivered
333,56,12,2026-11-04,Delivered
334,42,10,2026-08-20,Delivered
335,43,10,2026-11-03,Delivered
336,56,12,2026-12-27,Shipped
337,49,11,2026-10-21,Delivered
338,55,12,2026-12-03,Shipped
339,31,7,2026-03-10,Delivered
340,56,12,2025-07-04,Delivered
341,7,1,2026-05-13,Delivered
342,51,11,2025-10-30,Delivered
343,50,11,2026-07-07,Delivered
344,5,2,2026-09-25,Delivered
345,50,11,2025-07-05,Delivered
346,21,6,2025-02-14,Delivered
347,34,8,2026-03-31,Delivered
348,19,5,2025-09-02,Delivered
349,20,6,2025-07-18,Cancelled
350,44,10,2026-04-18,Delivered
351,56,12,2026-03-05,Delivered
352,51,11,2025-05-22,Delivered
353,32,7,2026-01-16,Delivered
354,51,11,2026-06-13,Delivered
355,18,6,2025-06-14,Delivered
356,4,1,2026-03-24,Delivered
357,56,12,2025-12-24,Delivered
358,20,5,2026-05-30,Cancelled
359,7,2,2026-01-19,Delivered
360,19,4,2026-10-28,Delivered
361,55,12,2025-10-21,Delivered
362,43,10,2025-05-23,Delivered
363,55,12,2025-01-06,Delivered
364,32,8,2025-06-03,Delivered
365,17,4,2025-10-23,Delivered
366,34,8,2026-03-06,Delivered
367,33,7,2026-05-27,Delivered
368,16,4,2026-08-12,Delivered
369,34,7,2025-01-02,Delivered
370,41,9,2025-07-11,Delivered
371,3,3,2026-01-05,Delivered
372,32,8,2026-06-04,Delivered
373,34,8,2025-02-14,Delivered
374,19,4,2025-01-17,Delivered
375,34,8,2026-11-04,Delivered
376,32,7,2025-12-27,Delivered
377,29,8,2026-12-03,Shipped
378,3,2,2025-05-19,Delivered
379,2,1,2025-07-26,Delivered
380,56,12,2025-11-20,Cancelled
381,30,7,2026-07-11,Delivered
382,18,4,2025-07-15,Delivered
383,17,5,2025-12-06,Delivered
384,43,10,2026-02-14,Delivered
385,30,8,2025-07-11,Delivered
386,17,4,2026-06-16,Delivered
387,29,7,2025-03-22,Delivered
388,4,2,2025-11-25,Delivered
389,29,8,2025-11-10,Delivered
390,20,4,2026-03-31,Delivered
391,34,8,2025-12-28,Delivered
392,3,3,2025-02-28,Delivered
393,49,11,2026-06-10,Cancelled
394,51,11,2025-05-27,Delivered
395,16,6,2025-03-10,Delivered
396,56,12,2026-01-28,Delivered
397,29,8,2026-11-27,Delivered
398,33,8,2025-03-20,Delivered
399,18,4,2026-10-28,Delivered
400,31,8,2025-07-10,Delivered
401,17,5,2025-05-01,Delivered
402,57,12,2025-08-08,Delivered
403,7,1,2026-05-18,Delivered
404,7,3,2026-04-08,Delivered
405,50,11,2025-03-31,Delivered
406,3,3,2026-12-28,Delivered
407,51,11,2025-11-04,Delivered
408,15,4,2026-06-05,Delivered
409,49,11,2025-08-31,Delivered
410,20,6,2026-08-10,Delivered
411,3,2,2025-03-30,Cancelled
412,31,8,2026-05-06,Delivered
413,5,2,2025-03-17,Delivered
414,30,8,2026-04-06,Delivered
415,34,7,2026-07-19,Delivered
416,29,7,2025-05-13,Delivered
417,6,1,2026-06-15,Delivered
418,15,6,2026-12-28,Processing
419,17,6,2025-03-22,Cancelled
420,5,2,2025-10-09,Delivered
421,31,7,2025-04-06,Delivered
422,6,3,2026-08-18,Delivered
423,19,6,2026-09-12,Delivered
424,3,3,2025-01-30,Delivered
425,41,10,2025-09-29,Delivered
426,30,8,2025-02-01,Delivered
427,30,8,2025-11-06,Delivered
428,42,9,2025-03-16,Delivered
429,29,8,2026-05-11,Delivered
430,51,11,2025-11-17,Delivered
431,57,12,2025-12-20,Delivered
432,32,8,2026-06-12,Delivered
433,18,4,2025-05-06,Delivered
434,18,5,2025-02-21,Delivered
435,17,4,2026-03-05,Delivered
436,43,9,2026-08-15,Delivered
437,57,12,2026-05-26,Delivered
438,31,7,2025-11-12,Delivered
439,29,7,2026-06-02,Delivered
440,2,2,2025-12-28,Delivered
441,42,10,2026-11-01,Delivered
442,29,8,2025-04-21,Delivered
443,20,5,2026-02-17,Delivered
444,7,3,2026-07-30,Delivered
445,30,8,2026-01-31,Delivered
446,42,9,2026-10-01,Delivered
447,21,5,2025-04-10,Delivered
448,43,9,2026-01-10,Delivered
449,30,7,2026-02-16,Delivered
450,49,11,2025-12-08,Delivered
451,6,3,2026-06-12,Delivered
452,57,12,2026-02-07,Delivered
453,50,11,2026-06-04,Delivered
454,30,7,2025-11-03,Delivered
455,5,2,2026-11-21,Delivered
456,34,8,2026-12-06,Delivered
457,49,11,2026-11-03,Delivered
458,30,8,2026-08-21,Delivered
459,16,6,2026-11-29,Shipped
460,7,2,2025-04-23,Delivered
461,29,7,2025-06-05,Delivered
462,55,12,2026-09-19,Delivered
463,7,2,2026-06-16,Cancelled
464,31,8,2026-05-05,Cancelled
465,55,12,2026-04-16,Delivered
466,49,11,2026-11-24,Delivered
467,56,12,2025-07-16,Delivered
468,56,12,2025-08-19,Delivered
469,7,3,2026-12-23,Delivered
470,20,6,2026-05-07,Delivered
471,33,8,2025-05-05,Delivered
472,50,11,2026-02-09,Delivered
473,56,12,2025-10-22,Delivered
474,41,10,2026-03-29,Delivered
475,17,6,2026-07-06,Delivered
476,5,3,2025-05-21,Delivered
477,3,3,2025-09-06,Delivered
478,3,2,2025-08-27,Delivered
479,4,1,2026-04-29,Delivered
480,57,12,2026-07-18,Delivered
481,30,7,2026-05-03,Delivered
482,19,6,2025-10-22,Delivered
483,34,7,2025-04-02,Delivered
484,55,12,2025-02-08,Delivered
485,56,12,2025-06-30,Cancelled
486,49,11,2026-02-11,Delivered
487,51,11,2025-10-24,Delivered
488,5,2,2026-09-10,Delivered
489,32,8,2026-10-19,Shipped
490,51,11,2025-05-18,Delivered
491,19,6,2025-04-26,Delivered
492,43,9,2025-09-21,Delivered
493,33,7,2025-10-30,Delivered
494,55,12,2026-10-17,Delivered
495,21,4,2025-03-30,Delivered
496,30,7,2025-05-24,Delivered
497,15,5,2026-01-28,Cancelled
498,33,7,2025-11-06,Delivered
499,42,9,2026-01-04,Delivered
500,19,5,2026-04-22,Delivered
501,49,11,2026-12-22,Shipped
502,20,4,2025-10-30,Delivered
503,30,8,2025-05-17,Delivered
504,20,6,2026-09-13,Delivered
505,44,9,2026-04-28,Delivered
506,44,9,2026-11-28,Delivered
507,42,9,2026-06-25,Delivered
508,3,3,2025-04-25,Delivered
509,33,7,2025-07-27,Delivered
510,29,7,2026-06-17,Delivered
511,4,3,2026-05-16,Delivered
512,29,8,2025-02-26,Delivered
513,32,8,2025-03-01,Delivered
514,17,4,2026-02-10,Delivered
515,3,2,2026-08-16,Delivered
516,32,7,2025-03-07,Delivered
517,57,12,2025-03-12,Delivered
518,7,1,2026-02-23,Delivered
519,56,12,2026-10-24,Cancelled
520,29,8,2026-01-27,Delivered
521,56,12,2026-12-01,Shipped
522,5,3,2025-12-23,Delivered
523,43,9,2025-05-11,Delivered
524,57,12,2025-01-24,Delivered
525,29,8,2026-07-12,Delivered
526,29,7,2025-09-11,Delivered
527,2,3,2025-04-26,Delivered
528,16,4,2025-01-17,Delivered
529,29,7,2025-02-04,Delivered
530,21,4,2025-02-15,Delivered
531,5,2,2025-02-27,Delivered
532,19,6,2026-08-13,Delivered
533,16,4,2025-11-25,Cancelled
534,15,5,2026-06-18,Delivered
535,56,12,2026-07-25,Delivered
536,32,7,2026-03-14,Cancelled
537,42,10,2026-10-21,Delivered
538,6,2,2026-02-23,Delivered
539,30,7,2026-07-05,Delivered
540,6,2,2026-12-26,Processing
541,21,5,2026-07-30,Delivered
542,21,5,2025-05-18,Delivered
543,3,2,2026-10-25,Delivered
544,32,7,2025-04-05,Delivered
545,42,9,2026-01-22,Delivered
546,49,11,2025-07-12,Delivered
547,18,4,2025-12-07,Delivered
548,56,12,2025-07-14,Delivered
549,55,12,2026-05-06,Delivered
550,32,8,2025-09-03,Delivered
551,34,8,2026-07-01,Delivered
552,51,11,2026-06-10,Delivered
553,44,10,2026-04-26,Delivered
554,18,4,2026-01-15,Delivered
555,43,9,2025-08-15,Delivered
556,33,8,2026-08-22,Delivered
557,19,5,2025-07-20,Delivered
558,31,8,2025-09-09,Delivered
559,56,12,2026-05-16,Delivered
560,6,3,2025-12-27,Delivered
561,55,12,2025-07-08,Delivered
562,56,12,2025-03-18,Delivered
563,5,3,2026-02-27,Delivered
564,6,1,2026-12-26,Shipped
565,3,3,2026-01-18,Delivered
566,55,12,2026-09-24,Delivered
567,32,7,2026-06-29,Delivered
568,32,8,2025-10-09,Delivered
569,42,9,2026-12-16,Delivered
570,31,7,2025-04-09,Delivered
571,17,5,2026-06-24,Delivered
572,3,2,2026-02-11,Delivered
573,57,12,2025-09-07,Delivered
574,34,7,2025-03-24,Delivered
575,20,5,2026-01-24,Delivered
576,42,9,2025-01-10,Delivered
577,34,8,2026-03-21,Delivered
578,51,11,2025-04-08,Delivered
579,51,11,2026-12-10,Delivered
580,42,10,2025-03-18,Delivered
581,41,9,2026-08-01,Delivered
582,2,1,2025-11-19,Delivered
583,50,11,2026-12-31,Delivered
584,16,5,2026-08-01,Delivered
585,19,6,2026-07-08,Delivered
586,43,10,2026-12-07,Delivered
587,16,4,2026-03-24,Delivered
588,56,12,2026-09-21,Cancelled
589,2,2,2025-12-01,Delivered
590,31,8,2026-04-07,Delivered
591,21,6,2026-01-20,Delivered
592,3,3,2026-01-25,Delivered
593,43,9,2025-09-10,Delivered
594,43,9,2026-01-25,Delivered
595,20,4,2025-11-21,Delivered
596,29,8,2025-11-12,Delivered
597,7,2,2025-03-31,Delivered
598,21,4,2026-06-09,Delivered
599,4,3,2026-07-22,Delivered
600,1,2,2026-01-30,Delivered
601,43,9,2025-03-28,Delivered
602,42,9,2025-06-23,Delivered
603,17,4,2025-11-05,Delivered
604,18,5,2026-03-22,Delivered
605,20,4,2025-03-20,Delivered
606,33,7,2026-05-23,Delivered
607,18,5,2025-05-19,Delivered
608,21,5,2026-09-28,Delivered
609,50,11,2026-03-17,Delivered
610,56,12,2026-09-10,Delivered
611,56,12,2025-07-01,Delivered
612,34,7,2026-12-13,Delivered
613,50,11,2025-10-15,Delivered
614,7,3,2026-08-01,Delivered
615,2,3,2026-07-18,Delivered
616,7,2,2026-12-27,Processing
617,50,11,2025-03-12,Delivered
618,34,7,2025-05-23,Delivered
619,43,10,2025-06-07,Delivered
620,30,8,2026-09-05,Delivered
621,21,4,2026-12-10,Processing
622,42,9,2026-01-04,Delivered
623,41,10,2025-09-12,Delivered
624,2,3,2026-09-20,Delivered
625,56,12,2026-02-14,Cancelled
626,5,1,2026-03-17,Delivered
627,43,9,2026-06-07,Delivered
628,29,7,2026-02-05,Delivered
629,29,8,2025-01-26,Delivered
630,5,3,2025-03-29,Delivered
631,19,4,2025-11-16,Delivered
632,29,8,2025-12-23,Delivered
633,19,5,2026-04-09,Delivered
634,5,2,2026-12-29,Shipped
635,50,11,2026-11-25,Delivered
636,6,3,2026-07-20,Delivered
637,16,5,2026-04-19,Delivered
638,34,8,2025-07-10,Delivered
639,51,11,2026-09-21,Delivered
640,1,1,2026-02-03,Delivered
641,50,11,2026-12-22,Shipped
642,7,2,2026-07-04,Delivered
643,17,5,2025-04-27,Delivered
644,19,5,2026-10-17,Delivered
645,5,2,2026-08-25,Delivered
646,7,3,2026-09-25,Delivered
647,55,12,2025-11-01,Delivered
648,5,2,2025-11-17,Delivered
649,42,10,2026-01-18,Delivered
650,33,8,2025-05-22,Delivered
651,32,7,2026-10-13,Delivered
652,18,4,2026-05-17,Delivered
653,34,8,2026-04-07,Cancelled
654,6,2,2026-05-12,Cancelled
655,34,8,2026-06-02,Delivered
656,43,10,2026-03-02,Delivered
657,32,7,2025-03-26,Delivered
658,16,5,2025-10-09,Delivered
659,33,8,2026-04-14,Delivered
660,33,8,2025-04-26,Delivered
661,31,7,2026-01-11,Delivered
662,32,8,2026-03-28,Delivered
663,44,10,2026-11-01,Shipped
664,29,8,2025-02-03,Delivered
665,29,7,2025-03-31,Delivered
666,7,3,2025-08-31,Delivered
667,51,11,2025-12-26,Delivered
668,49,11,2025-05-23,Delivered
669,20,5,2026-08-07,Delivered
670,19,6,2025-06-22,Delivered
671,17,6,2026-08-10,Cancelled
672,50,11,2026-11-27,Cancelled
673,55,12,2026-02-26,Delivered
674,42,9,2025-05-10,Delivered
675,18,4,2026-12-30,Processing
676,21,4,2026-11-24,Delivered
677,34,8,2025-10-03,Delivered
678,49,11,2026-10-11,Delivered
679,43,10,2025-10-12,Delivered
680,19,4,2026-05-15,Delivered
681,43,10,2025-04-06,Delivered
682,19,4,2026-12-16,Processing
683,7,2,2026-02-12,Delivered
684,18,5,2026-05-22,Delivered
685,5,2,2026-08-15,Delivered
686,49,11,2026-11-30,Delivered
687,2,1,2026-04-16,Delivered
688,57,12,2025-01-01,Delivered
689,55,12,2026-12-07,Delivered
690,4,2,2025-10-08,Delivered
691,41,9,2026-01-16,Delivered
692,18,6,2026-10-03,Delivered
693,34,7,2026-03-16,Delivered
694,3,3,2026-05-04,Delivered
695,29,7,2026-11-28,Delivered
696,57,12,2025-05-04,Delivered
697,3,2,2026-05-05,Delivered
698,5,2,2025-04-15,Delivered
699,21,4,2025-05-21,Delivered
700,6,3,2026-11-25,Delivered
701,41,10,2026-09-17,Delivered
702,34,7,2025-08-07,Delivered
703,42,9,2026-09-23,Delivered
704,6,1,2025-04-13,Delivered
705,19,5,2026-01-29,Delivered
706,17,6,2025-05-24,Delivered
707,34,8,2026-07-21,Delivered
708,2,3,2026-12-09,Processing
709,31,7,2025-07-30,Delivered
710,41,9,2025-10-30,Delivered
711,17,6,2025-04-26,Delivered
712,51,11,2026-06-25,Cancelled
713,5,3,2025-11-21,Delivered
714,42,10,2026-07-14,Cancelled
715,2,1,2025-03-16,Delivered
716,2,1,2025-08-09,Delivered
717,30,8,2026-02-12,Delivered
718,3,3,2026-02-16,Delivered
719,18,5,2025-06-06,Delivered
720,57,12,2025-07-28,Delivered
721,33,7,2026-02-05,Delivered
722,43,9,2026-03-24,Delivered
723,55,12,2025-03-30,Delivered
724,3,3,2026-09-16,Delivered
725,5,3,2025-06-29,Delivered
726,6,2,2025-01-12,Delivered
727,7,1,2025-09-23,Delivered
728,43,9,2025-10-03,Delivered
729,19,5,2025-01-31,Delivered
730,17,6,2025-03-07,Delivered
731,29,8,2026-05-24,Delivered
732,7,1,2026-08-04,Delivered
733,51,11,2025-04-16,Delivered
734,1,1,2026-06-06,Delivered
735,20,4,2026-04-29,Delivered
736,32,8,2025-02-06,Delivered
737,29,8,2025-09-12,Delivered
738,33,7,2025-03-21,Delivered
739,7,3,2025-02-23,Cancelled
740,3,2,2026-02-15,Delivered
741,19,6,2025-11-15,Delivered
742,7,3,2026-01-13,Delivered
743,17,5,2026-09-30,Delivered
744,57,12,2026-05-21,Delivered
745,43,9,2026-07-14,Delivered
746,2,3,2026-02-24,Delivered
747,51,11,2026-12-12,Delivered
748,20,6,2026-11-05,Delivered
749,7,1,2025-04-17,Delivered
750,57,12,2025-03-03,Delivered
751,2,1,2025-04-06,Delivered
752,29,8,2026-06-17,Delivered
753,33,7,2025-03-28,Delivered
754,3,3,2026-02-08,Delivered
755,56,12,2026-11-10,Delivered
756,55,12,2025-11-19,Delivered
757,18,5,2025-12-01,Delivered
758,5,3,2025-07-27,Delivered
759,7,2,2025-04-19,Delivered
760,32,7,2025-05-04,Delivered
761,18,4,2026-04-20,Delivered
762,18,6,2026-12-04,Shipped
763,7,2,2025-02-11,Delivered
764,16,5,2026-12-30,Delivered
765,42,10,2025-02-20,Delivered
766,2,2,2025-06-28,Delivered
767,43,9,2026-07-24,Delivered
768,49,11,2025-04-15,Delivered
769,50,11,2025-03-05,Delivered
770,20,6,2026-02-15,Delivered
771,33,8,2025-03-28,Delivered
772,2,1,2025-03-18,Delivered
773,29,7,2026-10-24,Delivered
774,5,2,2025-12-06,Delivered
775,29,8,2026-08-11,Delivered
776,42,9,2026-01-27,Delivered
777,18,5,2025-07-11,Delivered
778,34,7,2025-02-05,Delivered
779,29,8,2026-05-26,Delivered
780,21,5,2025-10-14,Delivered
781,17,6,2026-06-23,Delivered
782,49,11,2026-01-27,Delivered
783,20,6,2026-05-12,Delivered
784,17,4,2026-02-02,Delivered
785,2,2,2025-08-13,Delivered
786,32,7,2026-04-29,Cancelled
787,17,4,2025-04-13,Delivered
788,44,9,2025-02-27,Delivered
789,19,4,2026-02-02,Delivered
790,19,6,2026-08-30,Delivered
791,2,3,2026-08-29,Delivered
792,33,7,2026-08-05,Delivered
793,32,7,2026-05-20,Delivered
794,3,3,2025-04-03,Delivered
795,30,8,2026-06-24,Delivered
796,49,11,2025-07-26,Delivered
797,3,1,2025-11-28,Delivered
798,44,10,2025-05-26,Cancelled
799,42,10,2026-01-18,Delivered
800,18,4,2025-12-11,Cancelled
801,49,11,2026-03-24,Delivered
802,42,10,2025-06-28,Delivered
803,50,11,2026-08-27,Delivered
804,18,4,2026-12-07,Shipped
805,56,12,2026-12-20,Processing
806,2,3,2026-08-05,Delivered
807,15,6,2026-09-19,Delivered
808,6,3,2026-05-24,Delivered
809,57,12,2025-12-22,Delivered
810,50,11,2025-04-01,Delivered
811,15,6,2025-09-29,Delivered
812,49,11,2025-09-20,Delivered
813,43,9,2026-03-25,Delivered
814,51,11,2026-05-20,Delivered
815,50,11,2025-04-14,Delivered
816,49,11,2025-03-17,Delivered
817,17,4,2025-11-23,Delivered
818,51,11,2025-06-24,Delivered
819,56,12,2026-07-15,Delivered
820,51,11,2026-09-21,Delivered
821,7,2,2026-11-01,Delivered
822,19,4,2025-04-14,Delivered
823,43,10,2026-07-22,Delivered
824,16,4,2025-11-01,Delivered
825,50,11,2026-07-17,Delivered
826,21,5,2025-01-04,Delivered
827,34,7,2026-10-03,Delivered
828,7,2,2025-07-31,Cancelled
829,51,11,2026-04-30,Delivered
830,30,8,2026-04-28,Delivered
831,21,5,2026-07-12,Delivered
832,7,1,2026-01-14,Delivered
833,18,5,2026-04-22,Delivered
834,43,9,2025-06-04,Delivered
835,50,11,2025-12-19,Cancelled
836,15,4,2026-08-27,Delivered
837,29,8,2026-06-20,Delivered
838,30,7,2025-08-30,Delivered
839,30,7,2025-02-05,Delivered
840,7,1,2026-04-05,Cancelled
841,5,2,2025-07-17,Delivered
842,29,7,2026-12-01,Processing
843,19,6,2025-09-22,Delivered
844,3,3,2025-03-10,Delivered
845,51,11,2025-11-30,Delivered
846,49,11,2025-01-13,Delivered
847,6,3,2025-06-03,Delivered
848,55,12,2025-04-13,Delivered
849,51,11,2026-07-03,Delivered
850,30,8,2026-11-02,Delivered
851,21,6,2025-10-10,Delivered
852,21,5,2026-12-12,Processing
853,42,9,2025-12-06,Delivered
854,55,12,2025-10-03,Delivered
855,18,5,2025-11-07,Delivered
856,4,1,2026-12-03,Delivered
857,44,10,2026-03-30,Delivered
858,34,7,2026-03-03,Delivered
859,55,12,2025-08-05,Delivered
860,51,11,2026-06-13,Delivered
861,3,3,2025-06-12,Delivered
862,49,11,2025-05-19,Delivered
863,50,11,2025-07-25,Delivered
864,55,12,2025-02-21,Delivered
865,31,7,2026-04-21,Delivered
866,20,6,2025-09-05,Delivered
867,33,8,2026-05-01,Delivered
868,43,9,2025-09-22,Delivered
869,2,3,2026-01-31,Delivered
870,51,11,2025-08-08,Delivered
871,41,9,2025-10-03,Delivered
872,1,1,2026-11-30,Delivered
873,49,11,2026-09-08,Delivered
874,43,10,2025-11-09,Delivered
875,51,11,2026-01-21,Delivered
876,18,6,2026-04-23,Delivered
877,33,7,2026-02-11,Delivered
878,57,12,2026-11-10,Delivered
879,34,8,2026-09-01,Delivered
880,3,2,2026-05-09,Delivered
881,17,6,2025-10-11,Cancelled
882,18,4,2026-10-30,Delivered
883,55,12,2025-09-04,Delivered
884,6,1,2026-11-29,Delivered
885,17,5,2025-10-30,Delivered
886,33,7,2025-02-06,Delivered
887,42,10,2025-08-16,Delivered
888,20,5,2026-11-19,Delivered
889,51,11,2026-11-05,Delivered
890,5,2,2026-04-28,Delivered
891,43,9,2026-07-27,Delivered
892,34,7,2025-12-10,Delivered
893,29,8,2025-11-11,Delivered
894,18,4,2026-08-23,Delivered
895,33,7,2026-10-12,Delivered
896,31,8,2025-07-19,Delivered
897,3,1,2026-02-28,Delivered
898,19,6,2025-07-25,Delivered
899,6,3,2026-04-14,Delivered
900,30,7,2025-03-24,Delivered
901,1,2,2025-03-01,Delivered
902,33,7,2025-06-22,Delivered
903,5,2,2025-04-01,Delivered
904,21,5,2026-02-18,Delivered
905,31,8,2025-02-08,Cancelled
906,44,9,2025-11-26,Delivered
907,34,7,2025-01-05,Delivered
908,18,4,2025-12-19,Delivered
909,18,4,2026-08-26,Delivered
910,56,12,2025-11-02,Delivered
911,31,8,2026-09-03,Delivered
912,20,5,2025-05-18,Delivered
913,6,2,2025-07-12,Delivered
914,43,9,2025-08-18,Delivered
915,33,7,2025-01-23,Delivered
916,34,7,2026-12-30,Delivered
917,17,6,2026-10-18,Delivered
918,57,12,2026-09-01,Delivered
919,2,1,2025-01-21,Delivered
920,5,2,2026-01-25,Delivered
921,7,3,2025-06-06,Delivered
922,29,7,2025-11-05,Delivered
923,34,7,2025-10-04,Delivered
924,31,7,2025-04-18,Delivered
925,31,7,2025-04-19,Delivered
926,57,12,2026-06-20,Delivered
927,7,3,2025-10-30,Delivered
928,42,10,2025-08-01,Delivered
929,1,1,2025-01-03,Delivered
930,42,9,2026-08-11,Delivered
931,3,3,2026-06-08,Delivered
932,34,8,2025-09-20,Cancelled
933,18,4,2025-10-31,Delivered
934,51,11,2025-06-28,Delivered
935,18,6,2026-11-25,Delivered
936,1,1,2025-02-16,Delivered
937,19,5,2025-06-24,Cancelled
938,51,11,2025-10-02,Delivered
939,7,2,2025-12-17,Delivered
940,18,5,2026-04-13,Delivered
941,49,11,2026-05-05,Delivered
942,43,9,2026-12-14,Delivered
943,30,8,2026-08-28,Delivered
944,49,11,2026-01-24,Delivered
945,30,8,2025-05-14,Delivered
946,29,7,2026-02-26,Delivered
947,1,3,2025-11-18,Delivered
948,43,9,2026-08-14,Cancelled
949,51,11,2026-11-17,Delivered
950,30,8,2025-09-12,Delivered
951,51,11,2026-07-26,Delivered
952,31,8,2025-06-10,Delivered
953,3,2,2025-06-19,Delivered
954,57,12,2025-12-05,Delivered
955,34,8,2026-07-18,Delivered
956,29,8,2025-03-22,Delivered
957,29,7,2026-05-26,Cancelled
958,2,2,2026-11-01,Delivered
959,32,7,2026-07-25,Delivered
960,34,7,2026-09-26,Delivered
961,56,12,2026-04-13,Delivered
962,50,11,2025-08-17,Delivered
963,34,8,2026-09-27,Delivered
964,4,3,2025-04-27,Delivered
965,19,6,2025-12-16,Cancelled
966,32,8,2025-10-26,Delivered
967,51,11,2025-02-16,Delivered
968,4,3,2026-02-24,Delivered
969,56,12,2025-05-04,Delivered
970,43,9,2025-07-15,Delivered
971,55,12,2025-02-17,Delivered
972,29,7,2026-04-07,Cancelled
973,31,7,2025-01-05,Delivered
974,50,11,2026-03-20,Delivered
975,42,9,2025-07-01,Delivered
976,5,3,2025-05-12,Delivered
977,31,8,2025-11-26,Delivered
978,55,12,2026-09-16,Delivered
979,57,12,2025-12-18,Delivered
980,29,8,2025-05-22,Delivered
981,51,11,2026-07-15,Delivered
982,43,10,2026-10-02,Shipped
983,57,12,2025-05-16,Delivered
984,34,7,2026-12-12,Processing
985,30,8,2026-07-30,Delivered
986,18,5,2026-07-01,Delivered
987,5,2,2026-06-20,Delivered
988,3,2,2026-11-18,Delivered
989,57,12,2025-06-14,Delivered
990,42,10,2025-03-05,Delivered
991,2,2,2026-07-09,Delivered
992,43,9,2026-11-23,Delivered
993,21,6,2026-07-29,Delivered
994,18,6,2026-12-14,Delivered
995,20,6,2026-01-26,Delivered
996,3,3,2026-07-20,Delivered
997,51,11,2026-09-28,Delivered
998,43,10,2026-10-11,Delivered
999,43,9,2026-07-14,Delivered
1000,18,4,2025-07-18,Cancelled
1001,7,1,2025-03-18,Delivered
1002,21,5,2025-05-03,Delivered
1003,5,3,2025-09-28,Delivered
1004,19,6,2025-01-06,Delivered
1005,6,2,2025-02-10,Delivered
1006,34,8,2026-10-03,Delivered
1007,32,7,2026-08-10,Delivered
1008,31,7,2025-11-22,Delivered
1009,6,3,2026-06-02,Delivered
1010,20,4,2025-04-05,Delivered
1011,20,4,2025-12-06,Cancelled
1012,32,7,2026-09-26,Delivered
1013,29,7,2025-12-21,Cancelled
1014,51,11,2026-11-30,Shipped
1015,21,6,2025-04-27,Delivered
1016,55,12,2025-01-26,Delivered
1017,29,7,2026-06-05,Delivered
1018,7,3,2026-10-30,Delivered
1019,7,3,2025-04-09,Delivered
1020,3,3,2026-10-04,Delivered
1021,51,11,2025-08-07,Delivered
1022,32,8,2025-07-30,Delivered
1023,43,9,2025-03-15,Delivered
1024,2,1,2025-12-06,Delivered
1025,32,7,2025-09-15,Delivered
1026,20,6,2026-02-22,Delivered
1027,2,3,2025-11-20,Delivered
1028,34,7,2025-01-07,Delivered
1029,2,1,2026-08-23,Delivered
1030,5,3,2026-05-30,Delivered
1031,18,5,2025-03-30,Delivered
1032,2,1,2026-11-08,Delivered
1033,43,10,2025-05-20,Cancelled
1034,18,6,2025-05-28,Delivered
1035,32,7,2025-01-12,Delivered
1036,32,8,2025-01-06,Delivered
1037,18,6,2025-03-29,Delivered
1038,7,3,2025-12-19,Delivered
1039,6,1,2025-05-26,Delivered
1040,7,1,2025-09-16,Delivered
1041,51,11,2026-08-04,Delivered
1042,18,4,2025-03-16,Delivered
1043,43,10,2025-07-22,Cancelled
1044,5,3,2026-01-01,Delivered
1045,34,7,2025-10-19,Delivered
1046,19,6,2026-04-07,Delivered
1047,6,3,2026-08-22,Delivered
1048,56,12,2025-11-20,Delivered
1049,49,11,2025-09-10,Delivered
1050,5,3,2026-01-04,Delivered
1051,29,8,2026-05-07,Delivered
1052,32,7,2026-05-14,Delivered
1053,50,11,2025-03-25,Delivered
1054,17,6,2025-07-21,Delivered
1055,51,11,2025-03-19,Delivered
1056,21,6,2026-08-16,Delivered
1057,32,8,2025-02-07,Delivered
1058,20,4,2025-06-02,Delivered
1059,43,10,2026-08-27,Delivered
1060,31,8,2026-05-29,Delivered
1061,41,9,2025-01-11,Delivered
1062,29,7,2025-05-24,Delivered
1063,41,9,2026-08-03,Delivered
1064,56,12,2026-05-11,Delivered
1065,16,5,2026-05-15,Delivered
1066,41,10,2025-02-13,Delivered
1067,51,11,2026-04-11,Cancelled
1068,4,3,2025-11-28,Delivered
1069,50,11,2025-10-08,Delivered
1070,7,3,2026-08-07,Delivered
1071,41,9,2026-08-25,Delivered
1072,57,12,2026-01-21,Delivered
1073,50,11,2025-12-28,Delivered
1074,51,11,2026-05-09,Delivered
1075,29,7,2025-05-23,Delivered
1076,18,4,2026-10-21,Delivered
1077,33,7,2026-01-06,Delivered
1078,50,11,2026-03-01,Delivered
1079,30,7,2026-05-06,Delivered
1080,2,1,2026-02-25,Delivered
1081,6,3,2026-08-30,Delivered
1082,6,1,2026-08-10,Delivered
1083,31,8,2025-07-04,Delivered
1084,34,8,2026-08-01,Delivered
1085,29,8,2025-08-10,Delivered
1086,15,5,2025-06-24,Delivered
1087,50,11,2026-08-20,Delivered
1088,17,6,2026-06-08,Delivered
1089,33,7,2026-04-10,Delivered
1090,5,1,2026-01-30,Delivered
1091,42,9,2026-06-01,Delivered
1092,30,7,2025-07-01,Delivered
1093,31,7,2026-06-29,Delivered
1094,5,3,2026-11-07,Delivered
1095,51,11,2025-01-02,Delivered
1096,51,11,2026-01-15,Delivered
1097,49,11,2026-05-09,Delivered
1098,33,8,2026-12-15,Delivered
1099,44,9,2026-05-04,Delivered
1100,21,4,2026-07-11,Delivered
1101,32,7,2025-01-08,Delivered
1102,34,8,2026-01-20,Delivered
1103,6,3,2025-04-20,Delivered
1104,51,11,2025-09-25,Delivered
1105,18,6,2026-09-19,Delivered
1106,21,6,2025-07-28,Delivered
1107,32,8,2026-01-15,Delivered
1108,33,8,2025-11-11,Delivered
1109,5,1,2026-11-07,Delivered
1110,56,12,2026-12-18,Delivered
1111,49,11,2026-02-15,Delivered
1112,1,1,2026-10-14,Delivered
1113,55,12,2026-04-28,Delivered
1114,15,4,2025-09-27,Delivered
1115,55,12,2026-01-29,Delivered
1116,18,6,2026-06-18,Delivered
1117,34,8,2025-06-29,Delivered
1118,56,12,2026-11-04,Delivered
1119,31,7,2026-09-06,Delivered
1120,2,1,2026-11-22,Delivered
1121,3,2,2025-06-11,Delivered
1122,42,10,2025-12-28,Delivered
1123,2,3,2026-06-15,Delivered
1124,32,8,2025-04-03,Delivered
1125,16,4,2025-10-11,Delivered
1126,32,8,2026-02-18,Delivered
1127,5,1,2026-06-03,Delivered
1128,56,12,2025-12-15,Delivered
1129,17,5,2026-08-12,Cancelled
1130,30,7,2026-07-31,Delivered
1131,42,9,2026-04-15,Delivered
1132,3,3,2025-09-22,Delivered
1133,42,9,2025-08-14,Delivered
1134,56,12,2026-02-27,Delivered
1135,17,4,2025-09-27,Delivered
1136,3,1,2025-12-17,Delivered
1137,7,3,2025-12-29,Delivered
1138,56,12,2026-12-01,Delivered
1139,16,4,2025-07-24,Delivered
1140,15,4,2025-07-31,Delivered
1141,6,1,2025-12-31,Delivered
1142,42,10,2025-03-22,Delivered
1143,56,12,2026-07-09,Delivered
1144,30,8,2025-11-19,Delivered
1145,18,4,2026-06-08,Delivered
1146,3,2,2025-05-12,Delivered
1147,2,2,2026-07-08,Delivered
1148,49,11,2026-12-04,Cancelled
1149,31,8,2026-12-17,Shipped
1150,42,10,2025-01-13,Delivered
1151,20,5,2025-11-30,Delivered
1152,17,5,2025-09-27,Cancelled
1153,20,5,2025-12-18,Delivered
1154,42,10,2026-03-06,Delivered
1155,17,4,2026-02-15,Delivered
1156,42,9,2026-08-13,Delivered
1157,32,8,2025-08-30,Delivered
1158,30,7,2025-06-03,Delivered
1159,6,3,2026-05-27,Delivered
1160,49,11,2025-11-20,Delivered
1161,2,1,2026-08-05,Delivered
1162,15,5,2025-03-03,Delivered
1163,4,3,2026-10-07,Delivered
1164,19,6,2026-01-05,Delivered
1165,20,5,2025-09-21,Delivered
1166,56,12,2026-11-27,Delivered
1167,41,9,2026-10-28,Cancelled
1168,20,6,2025-10-19,Delivered
1169,51,11,2026-04-03,Delivered
1170,34,7,2026-04-20,Delivered
1171,50,11,2026-10-18,Delivered
1172,33,7,2026-09-20,Delivered
1173,15,5,2025-12-18,Delivered
1174,17,6,2026-12-29,Delivered
1175,49,11,2026-04-01,Delivered
1176,56,12,2026-06-18,Delivered
1177,5,1,2025-01-24,Delivered
1178,43,9,2026-12-19,Delivered
1179,4,2,2025-04-16,Delivered
1180,44,9,2025-01-27,Delivered
1181,6,3,2026-09-25,Delivered
1182,18,4,2026-02-04,Delivered
1183,34,7,2026-03-30,Delivered
1184,2,3,2025-06-24,Delivered
1185,51,11,2025-11-30,Cancelled
1186,56,12,2026-07-08,Delivered
1187,31,8,2026-12-16,Shipped
1188,51,11,2026-10-14,Delivered
1189,32,8,2026-10-17,Delivered
1190,49,11,2025-08-21,Delivered
1191,17,5,2026-02-27,Delivered
1192,50,11,2026-06-20,Delivered
1193,32,8,2026-04-26,Delivered
1194,18,5,2026-05-04,Delivered
1195,16,4,2026-09-04,Delivered
1196,21,6,2025-07-13,Delivered
1197,7,3,2025-09-13,Delivered
1198,7,1,2026-01-23,Delivered
1199,31,8,2025-09-03,Delivered
1200,49,11,2026-06-29,Delivered
1201,7,2,2025-03-12,Delivered
1202,34,8,2026-04-12,Delivered
1203,7,1,2026-05-19,Delivered
1204,2,1,2026-07-02,Delivered
1205,43,9,2025-05-09,Delivered
1206,2,1,2025-06-04,Delivered
1207,49,11,2025-11-16,Cancelled
1208,42,9,2026-04-20,Delivered
1209,3,2,2025-05-30,Delivered
1210,7,2,2026-04-27,Delivered
1211,5,3,2025-01-13,Delivered
1212,17,4,2026-03-30,Delivered
1213,31,7,2025-04-07,Delivered
1214,56,12,2026-11-29,Delivered
1215,43,9,2025-02-13,Delivered
1216,18,5,2026-10-16,Shipped
1217,15,4,2026-11-14,Delivered
1218,19,4,2026-03-21,Delivered
1219,5,1,2026-08-22,Delivered
1220,33,8,2025-02-13,Delivered
1221,20,4,2025-06-08,Delivered
1222,4,3,2026-05-27,Delivered
1223,3,2,2026-10-03,Delivered
1224,31,7,2026-12-20,Delivered
1225,19,6,2025-08-27,Delivered
1226,50,11,2025-12-22,Delivered
1227,42,10,2025-01-22,Delivered
1228,55,12,2025-09-14,Delivered
1229,18,6,2026-07-27,Delivered
1230,7,2,2026-08-04,Delivered
1231,18,6,2026-04-25,Delivered
1232,6,3,2026-07-22,Delivered
1233,50,11,2025-10-30,Delivered
1234,31,7,2026-10-16,Shipped
1235,51,11,2026-09-27,Delivered
1236,41,10,2025-03-06,Delivered
1237,30,7,2026-12-01,Shipped
1238,21,5,2025-11-27,Delivered
1239,41,9,2026-06-20,Delivered
1240,7,1,2025-05-13,Delivered
1241,7,1,2026-05-13,Delivered
1242,41,10,2026-02-02,Delivered
1243,34,7,2025-08-15,Delivered
1244,41,9,2025-08-02,Delivered
1245,3,3,2026-10-17,Delivered
1246,50,11,2026-03-02,Delivered
1247,32,7,2025-09-30,Delivered
1248,56,12,2025-03-21,Delivered
1249,32,7,2025-08-25,Delivered
1250,17,6,2026-11-04,Shipped
1251,43,10,2026-07-26,Delivered
1252,33,8,2026-10-16,Delivered
1253,51,11,2026-03-14,Delivered
1254,21,5,2026-07-18,Delivered
1255,57,12,2026-07-01,Delivered
1256,32,8,2025-11-19,Delivered
1257,44,10,2026-02-27,Delivered
1258,34,7,2025-11-28,Delivered
1259,55,12,2026-07-18,Delivered
1260,29,8,2026-04-09,Delivered
1261,57,12,2025-02-05,Delivered
1262,1,1,2025-11-06,Delivered
1263,2,3,2025-11-19,Delivered
1264,31,7,2026-07-21,Delivered
1265,20,4,2026-04-17,Delivered
1266,17,5,2026-08-20,Delivered
1267,33,7,2025-04-05,Delivered
1268,49,11,2025-11-29,Delivered
1269,43,9,2026-12-08,Shipped
1270,2,3,2025-11-04,Delivered
1271,55,12,2025-02-27,Delivered
1272,29,7,2026-03-21,Delivered
1273,43,9,2025-08-21,Delivered
1274,21,5,2026-10-10,Delivered
1275,32,7,2025-11-23,Delivered
1276,7,1,2026-12-16,Shipped
1277,57,12,2026-02-07,Delivered
1278,49,11,2025-10-24,Delivered
1279,30,7,2025-03-26,Delivered
1280,3,3,2025-09-26,Delivered
1281,5,1,2026-12-16,Delivered
1282,30,7,2025-07-22,Delivered
1283,17,4,2026-06-21,Delivered
1284,19,6,2026-03-17,Delivered
1285,21,5,2026-11-19,Delivered
1286,19,6,2025-11-25,Delivered
1287,7,2,2025-11-09,Delivered
1288,34,8,2026-03-29,Delivered
1289,7,2,2025-08-28,Delivered
1290,5,1,2025-03-29,Delivered
1291,55,12,2026-09-28,Delivered
1292,50,11,2026-12-12,Delivered
1293,19,6,2025-01-24,Delivered
1294,32,8,2025-07-28,Delivered
1295,43,9,2026-09-30,Delivered
1296,2,3,2026-11-16,Shipped
1297,2,1,2026-06-24,Delivered
1298,49,11,2025-07-25,Delivered
1299,56,12,2026-11-02,Delivered
1300,42,10,2025-10-05,Delivered
1301,18,6,2025-01-20,Delivered
1302,30,7,2026-01-25,Delivered
1303,51,11,2026-05-12,Delivered
1304,57,12,2026-05-28,Delivered
1305,18,5,2026-06-27,Delivered
1306,2,3,2025-06-10,Delivered
1307,18,6,2026-10-03,Delivered
1308,34,8,2025-03-05,Delivered
1309,56,12,2025-01-31,Delivered
1310,51,11,2025-12-16,Delivered
1311,31,7,2026-01-27,Delivered
1312,6,2,2026-08-10,Delivered
1313,29,7,2025-12-04,Delivered
1314,33,7,2025-05-22,Delivered
1315,42,9,2025-11-13,Delivered
1316,34,7,2025-05-29,Delivered
1317,32,7,2026-07-25,Delivered
1318,43,10,2025-05-30,Delivered
1319,56,12,2026-02-28,Delivered
1320,56,12,2026-10-15,Delivered
1321,5,1,2025-07-12,Delivered
1322,34,7,2026-09-19,Delivered
1323,42,10,2025-08-25,Delivered
1324,5,3,2026-05-04,Delivered
1325,20,5,2026-10-28,Delivered
1326,7,1,2025-05-21,Delivered
1327,55,12,2025-01-16,Delivered
1328,57,12,2026-11-19,Delivered
1329,51,11,2026-03-26,Delivered
1330,51,11,2026-04-14,Delivered
1331,34,8,2025-02-12,Delivered
1332,34,7,2026-02-08,Delivered
1333,29,7,2026-04-08,Delivered
1334,31,8,2025-09-09,Cancelled
1335,32,7,2025-02-10,Delivered
1336,21,5,2026-03-27,Delivered
1337,29,8,2025-10-20,Delivered
1338,42,9,2025-02-25,Delivered
1339,29,7,2026-10-24,Delivered
1340,56,12,2026-08-23,Delivered
1341,29,7,2025-11-28,Delivered
1342,51,11,2026-12-31,Delivered
1343,42,9,2025-11-28,Delivered
1344,4,3,2025-05-07,Delivered
1345,3,3,2026-01-07,Delivered
1346,34,7,2026-06-08,Delivered
1347,2,1,2026-01-25,Delivered
1348,51,11,2026-08-03,Delivered
1349,7,3,2025-05-29,Delivered
1350,18,5,2025-11-12,Delivered
1351,5,1,2025-07-05,Cancelled
1352,34,8,2025-01-04,Delivered
1353,51,11,2026-05-25,Delivered
1354,16,6,2026-05-21,Delivered
1355,29,7,2026-04-10,Delivered
1356,16,6,2025-01-07,Delivered
1357,32,7,2026-10-06,Delivered
1358,3,2,2025-06-01,Delivered
1359,41,10,2025-02-03,Delivered
1360,2,2,2025-03-31,Cancelled
1361,42,9,2025-06-15,Cancelled
1362,20,4,2026-08-16,Delivered
1363,19,5,2025-11-03,Delivered
1364,50,11,2026-03-14,Delivered
1365,5,2,2025-05-18,Delivered
1366,31,7,2026-02-28,Delivered
1367,33,7,2025-04-22,Delivered
1368,33,8,2026-12-07,Delivered
1369,17,6,2025-11-21,Cancelled
1370,55,12,2025-12-29,Delivered
1371,31,7,2026-10-10,Shipped
1372,43,9,2025-08-27,Delivered
1373,29,7,2025-01-25,Delivered
1374,49,11,2025-08-01,Delivered
1375,19,6,2025-12-08,Delivered
1376,7,2,2026-10-18,Delivered
1377,18,6,2025-03-11,Delivered
1378,5,2,2025-01-07,Delivered
1379,34,7,2026-08-06,Delivered
1380,19,5,2025-07-18,Delivered
1381,55,12,2026-05-06,Delivered
1382,6,2,2026-05-09,Delivered
1383,51,11,2026-07-04,Delivered
1384,55,12,2026-02-28,Delivered
1385,33,8,2025-11-03,Delivered
1386,7,3,2025-01-20,Delivered
1387,3,1,2025-12-29,Delivered
1388,19,5,2025-02-01,Delivered
1389,33,8,2025-06-19,Delivered
1390,51,11,2025-04-30,Delivered
1391,43,10,2025-11-19,Delivered
1392,51,11,2026-05-24,Delivered
1393,15,5,2025-11-06,Delivered
1394,49,11,2026-01-19,Delivered
1395,31,8,2026-03-31,Delivered
1396,7,2,2025-06-07,Delivered
1397,18,5,2026-06-21,Delivered
1398,50,11,2025-04-11,Delivered
1399,29,7,2025-02-07,Delivered
1400,42,9,2025-02-15,Delivered
1401,4,3,2025-02-17,Delivered
1402,32,8,2025-01-24,Delivered
1403,19,4,2025-08-03,Delivered
1404,19,5,2026-06-30,Delivered
1405,6,2,2025-10-07,Delivered
1406,33,7,2026-09-30,Delivered
1407,32,8,2025-12-25,Delivered
1408,49,11,2026-12-23,Delivered
1409,34,8,2025-11-15,Delivered
1410,5,2,2025-02-21,Delivered
1411,4,1,2025-02-21,Delivered
1412,7,3,2026-02-06,Delivered
1413,50,11,2026-10-07,Delivered
1414,19,4,2025-11-16,Delivered
1415,50,11,2026-11-18,Cancelled
1416,33,7,2026-04-22,Delivered
1417,29,8,2026-12-17,Delivered
1418,43,10,2026-10-22,Delivered
1419,6,3,2025-08-18,Delivered
1420,20,6,2026-01-08,Delivered
1421,49,11,2025-12-05,Delivered
1422,3,1,2025-01-31,Delivered
1423,51,11,2026-04-18,Delivered
1424,33,7,2026-09-11,Delivered
1425,19,6,2025-04-20,Delivered
1426,32,8,2025-11-06,Delivered
1427,34,7,2025-09-02,Cancelled
1428,3,1,2026-01-29,Delivered
1429,29,8,2026-08-29,Delivered
1430,32,7,2025-12-17,Delivered
1431,3,3,2026-11-17,Delivered
1432,5,3,2026-05-14,Delivered
1433,4,2,2026-07-23,Delivered
1434,3,1,2026-02-20,Delivered
1435,49,11,2026-09-03,Delivered
1436,42,9,2026-10-23,Delivered
1437,51,11,2025-05-23,Delivered
1438,6,3,2026-11-08,Delivered
1439,33,7,2026-09-23,Delivered
1440,18,6,2025-11-21,Delivered
1441,43,10,2026-03-22,Cancelled
1442,1,3,2026-08-20,Delivered
1443,51,11,2025-05-11,Delivered
1444,56,12,2026-07-17,Delivered
1445,5,2,2026-01-03,Delivered
1446,29,8,2025-08-29,Delivered
1447,20,5,2026-12-30,Delivered
1448,42,10,2025-08-05,Delivered
1449,20,5,2026-07-23,Delivered
1450,18,6,2025-06-07,Delivered
1451,3,1,2025-01-12,Delivered
1452,41,9,2026-05-14,Delivered
1453,50,11,2026-10-20,Shipped
1454,33,8,2026-12-14,Shipped
1455,31,8,2026-04-11,Delivered
1456,7,3,2025-08-20,Delivered
1457,51,11,2026-05-26,Delivered
1458,29,8,2025-10-03,Delivered
1459,32,8,2025-02-08,Delivered
1460,56,12,2026-05-09,Delivered
1461,57,12,2026-06-24,Delivered
1462,31,7,2025-03-22,Delivered
1463,43,9,2026-10-08,Delivered
1464,49,11,2026-07-07,Delivered
1465,31,7,2025-12-18,Delivered
1466,55,12,2026-06-09,Delivered
1467,18,4,2025-10-29,Delivered
1468,43,10,2026-09-04,Delivered
1469,33,7,2026-04-30,Delivered
1470,50,11,2025-10-26,Delivered
1471,5,1,2025-03-26,Delivered
1472,17,6,2025-10-12,Delivered
1473,2,1,2025-09-21,Delivered
1474,43,10,2026-08-29,Delivered
1475,17,6,2025-06-29,Delivered
1476,49,11,2025-07-05,Delivered
1477,57,12,2025-03-28,Delivered
1478,44,9,2026-02-27,Delivered
1479,7,3,2026-10-15,Delivered
1480,3,2,2025-12-20,Delivered
1481,3,2,2025-04-29,Delivered
1482,30,7,2025-11-05,Delivered
1483,20,5,2026-12-24,Delivered
1484,1,2,2026-03-22,Delivered
1485,56,12,2025-11-20,Delivered
1486,34,8,2026-06-29,Delivered
1487,51,11,2026-10-30,Delivered
1488,17,6,2025-04-11,Delivered
1489,44,9,2026-11-23,Delivered
1490,42,9,2026-11-25,Delivered
1491,41,9,2025-01-11,Delivered
1492,31,8,2025-04-11,Delivered
1493,17,4,2025-10-18,Delivered
1494,3,3,2025-04-05,Delivered
1495,56,12,2025-08-11,Delivered
1496,3,3,2025-05-03,Delivered
1497,49,11,2026-11-04,Shipped
1498,7,2,2026-12-14,Delivered
1499,34,8,2025-03-19,Delivered
1500,55,12,2026-12-10,Delivered
1501,18,4,2025-03-17,Delivered
1502,57,12,2025-12-07,Cancelled
1503,7,1,2025-09-29,Delivered
1504,34,7,2025-07-25,Delivered
1505,6,2,2025-04-22,Delivered
1506,5,2,2026-10-21,Delivered
1507,2,1,2025-04-16,Delivered
1508,49,11,2025-09-14,Delivered
1509,34,7,2025-06-02,Delivered
1510,21,4,2026-11-12,Delivered
1511,32,8,2026-02-05,Delivered
1512,50,11,2026-02-18,Delivered
1513,20,6,2025-01-04,Delivered
1514,5,3,2026-05-09,Delivered
1515,19,5,2026-01-03,Delivered
1516,57,12,2026-10-10,Delivered
1517,3,2,2025-12-15,Delivered
1518,41,9,2025-10-24,Delivered
1519,41,10,2026-01-29,Delivered
1520,34,8,2025-04-20,Delivered
1521,29,7,2026-10-10,Delivered
1522,2,3,2025-07-17,Delivered
1523,3,3,2026-02-03,Delivered
1524,32,8,2026-05-27,Cancelled
1525,2,1,2025-01-17,Delivered
1526,21,4,2025-02-13,Delivered
1527,31,7,2026-11-15,Delivered
1528,55,12,2025-08-27,Delivered
1529,34,8,2026-05-16,Delivered
1530,2,3,2026-09-26,Delivered
1531,6,1,2025-01-15,Delivered
1532,29,7,2025-04-10,Delivered
1533,50,11,2025-03-07,Delivered
1534,49,11,2026-09-02,Delivered
1535,29,8,2025-07-27,Delivered
1536,33,7,2026-12-02,Delivered
1537,44,9,2025-08-07,Delivered
1538,18,5,2025-05-04,Delivered
1539,32,8,2026-01-14,Delivered
1540,2,1,2026-08-19,Delivered
1541,34,7,2026-10-10,Delivered
1542,3,1,2026-05-14,Delivered
1543,43,10,2025-04-02,Delivered
1544,42,9,2026-05-03,Delivered
1545,31,8,2025-10-05,Delivered
1546,34,7,2025-06-28,Delivered
1547,34,7,2026-05-27,Delivered
1548,20,4,2025-11-05,Delivered
1549,5,3,2025-07-16,Cancelled
1550,20,6,2026-09-26,Delivered
1551,44,9,2026-04-21,Delivered
1552,5,1,2025-07-18,Delivered
1553,31,7,2026-05-01,Delivered
1554,3,2,2025-02-14,Delivered
1555,17,6,2026-03-22,Delivered
1556,2,3,2026-04-10,Delivered
1557,7,1,2026-07-05,Delivered
1558,3,1,2025-04-29,Delivered
1559,33,8,2026-08-30,Delivered
1560,55,12,2026-11-25,Delivered
1561,16,4,2025-11-30,Delivered
1562,20,4,2025-07-24,Delivered
1563,30,8,2026-08-23,Delivered
1564,29,8,2026-09-17,Delivered
1565,43,10,2026-04-14,Cancelled
1566,19,4,2025-07-27,Delivered
1567,18,4,2025-03-03,Delivered
1568,29,8,2026-04-15,Delivered
1569,34,7,2025-10-30,Delivered
1570,51,11,2026-07-21,Delivered
1571,30,7,2026-06-19,Delivered
1572,18,6,2026-04-19,Delivered
1573,17,5,2025-09-10,Delivered
1574,56,12,2026-08-29,Delivered
1575,2,2,2025-02-15,Delivered
1576,2,3,2026-06-01,Delivered
1577,50,11,2026-12-15,Delivered
1578,32,7,2025-03-27,Delivered
1579,56,12,2026-02-21,Delivered
1580,41,9,2025-09-02,Delivered
1581,18,6,2026-11-17,Delivered
1582,43,9,2026-08-08,Cancelled
1583,44,10,2026-04-20,Delivered
1584,34,7,2026-01-15,Delivered
1585,21,6,2025-03-14,Delivered
1586,18,5,2025-02-03,Delivered
1587,32,7,2026-09-20,Delivered
1588,34,8,2025-03-24,Delivered
1589,31,8,2025-02-26,Delivered
1590,21,5,2025-04-24,Delivered
1591,20,6,2026-01-10,Delivered
1592,32,7,2025-03-10,Delivered
1593,16,4,2025-12-09,Delivered
1594,51,11,2026-08-18,Delivered
1595,19,5,2025-08-19,Delivered
1596,18,4,2026-03-10,Delivered
1597,30,7,2026-04-09,Delivered
1598,42,10,2026-06-29,Delivered
1599,49,11,2026-01-12,Delivered
1600,4,2,2026-04-14,Delivered
1601,56,12,2025-10-23,Delivered
1602,5,1,2025-10-10,Delivered
1603,31,7,2025-07-29,Delivered
1604,32,7,2026-11-30,Delivered
1605,29,7,2026-03-07,Delivered
1606,2,1,2025-03-06,Delivered
1607,34,8,2026-06-17,Delivered
1608,34,8,2026-11-03,Delivered
1609,43,10,2026-11-13,Delivered
1610,5,2,2026-08-04,Delivered
1611,16,5,2025-09-24,Cancelled
1612,6,2,2025-02-18,Delivered
1613,34,7,2025-06-20,Delivered
1614,7,1,2025-10-20,Delivered
1615,55,12,2026-12-11,Delivered
1616,2,2,2025-04-30,Delivered
1617,17,4,2026-03-28,Delivered
1618,2,2,2026-12-26,Cancelled
1619,20,6,2025-06-01,Cancelled
1620,18,4,2026-07-01,Delivered
1621,44,10,2026-05-27,Delivered
1622,1,3,2025-06-09,Delivered
1623,19,6,2026-06-04,Delivered
1624,57,12,2025-10-24,Delivered
1625,19,4,2026-03-29,Delivered
1626,5,3,2025-02-11,Delivered
1627,20,4,2025-01-26,Delivered
1628,19,6,2025-04-05,Delivered
1629,31,8,2026-08-21,Delivered
1630,32,8,2025-03-27,Delivered
1631,57,12,2025-03-31,Delivered
1632,34,7,2025-11-22,Delivered
1633,20,6,2026-01-05,Delivered
1634,20,4,2026-01-14,Delivered
1635,18,5,2025-12-26,Delivered
1636,15,5,2025-03-31,Delivered
1637,49,11,2026-03-02,Delivered
1638,43,10,2026-03-11,Delivered
1639,34,7,2026-08-25,Delivered
1640,57,12,2026-05-02,Delivered
1641,43,9,2026-08-28,Delivered
1642,55,12,2026-10-17,Delivered
1643,43,9,2026-04-19,Delivered
1644,18,5,2026-01-26,Delivered
1645,50,11,2025-11-06,Delivered
1646,16,4,2026-04-20,Delivered
1647,56,12,2025-11-04,Delivered
1648,51,11,2026-11-13,Delivered
1649,34,7,2026-12-06,Delivered
1650,31,7,2025-10-11,Delivered
1651,36,8,2026-01-06,Delivered
1652,45,9,2026-10-06,Delivered
1653,8,2,2026-08-13,Delivered
1654,10,2,2025-03-01,Delivered
1655,24,4,2025-05-19,Delivered
1656,37,8,2026-03-06,Delivered
1657,35,7,2025-10-26,Delivered
1658,11,1,2026-10-06,Delivered
1659,35,8,2025-06-21,Delivered
1660,47,10,2026-12-03,Shipped
1661,24,6,2026-12-06,Shipped
1662,8,3,2025-05-28,Delivered
1663,24,4,2026-05-12,Delivered
1664,25,4,2025-06-08,Delivered
1665,37,7,2026-07-27,Delivered
1666,9,1,2025-03-20,Delivered
1667,24,6,2026-05-07,Delivered
1668,52,11,2026-03-29,Delivered
1669,8,1,2025-11-08,Delivered
1670,10,1,2026-12-12,Delivered
1671,9,1,2025-08-03,Delivered
1672,9,2,2025-04-25,Delivered
1673,11,1,2025-02-13,Delivered
1674,37,8,2026-06-10,Delivered
1675,8,2,2025-09-17,Delivered
1676,47,9,2025-04-09,Delivered
1677,10,2,2025-07-24,Delivered
1678,52,11,2025-05-30,Delivered
1679,23,6,2025-12-23,Delivered
1680,22,6,2026-09-20,Delivered
1681,46,9,2026-08-16,Delivered
1682,10,3,2025-10-16,Delivered
1683,53,11,2025-04-12,Delivered
1684,11,3,2026-08-27,Cancelled
1685,52,11,2025-07-05,Delivered
1686,11,1,2026-06-11,Delivered
1687,9,1,2025-11-18,Delivered
1688,46,10,2026-05-23,Delivered
1689,9,2,2025-02-11,Delivered
1690,25,6,2025-10-18,Delivered
1691,11,2,2026-03-31,Delivered
1692,11,1,2026-03-15,Delivered
1693,53,11,2026-05-03,Delivered
1694,25,4,2026-11-22,Delivered
1695,38,7,2026-06-20,Delivered
1696,24,6,2026-02-09,Cancelled
1697,8,1,2025-06-22,Delivered
1698,52,11,2026-09-02,Delivered
1699,46,10,2026-03-11,Delivered
1700,37,8,2026-08-19,Delivered
1701,37,8,2026-11-14,Cancelled
1702,22,5,2026-06-08,Delivered
1703,25,4,2025-09-14,Delivered
1704,8,3,2025-05-18,Delivered
1705,25,4,2025-03-11,Cancelled
1706,36,8,2026-01-27,Delivered
1707,37,7,2026-09-29,Delivered
1708,46,10,2026-06-17,Delivered
1709,25,6,2026-11-09,Delivered
1710,52,11,2025-12-18,Cancelled
1711,58,12,2025-02-02,Delivered
1712,52,11,2025-11-19,Delivered
1713,10,3,2025-02-03,Delivered
1714,52,11,2025-11-07,Delivered
1715,23,5,2025-05-18,Delivered
1716,36,8,2025-04-23,Delivered
1717,35,8,2026-12-03,Delivered
1718,25,5,2025-06-10,Delivered
1719,58,12,2026-08-29,Delivered
1720,23,4,2025-10-19,Delivered
1721,52,11,2025-05-12,Delivered
1722,8,3,2026-08-21,Delivered
1723,25,5,2025-04-10,Delivered
1724,38,7,2025-02-27,Delivered
1725,37,7,2025-11-16,Delivered
1726,23,4,2025-04-28,Delivered
1727,25,5,2025-02-08,Delivered
1728,22,6,2026-03-08,Delivered
1729,58,12,2025-01-23,Delivered
1730,36,8,2025-11-27,Delivered
1731,11,2,2026-11-23,Delivered
1732,23,6,2026-11-15,Delivered
1733,11,3,2026-03-23,Delivered
1734,52,11,2025-03-19,Delivered
1735,22,6,2025-02-18,Delivered
1736,37,7,2025-08-20,Delivered
1737,9,2,2026-08-16,Delivered
1738,47,10,2026-08-04,Delivered
1739,47,10,2025-12-22,Delivered
1740,25,6,2025-11-04,Delivered
1741,24,6,2026-03-01,Delivered
1742,46,9,2026-11-19,Shipped
1743,45,9,2026-10-05,Delivered
1744,45,10,2025-08-07,Delivered
1745,35,8,2026-10-16,Shipped
1746,8,1,2026-10-04,Delivered
1747,11,3,2025-06-01,Delivered
1748,52,11,2025-11-04,Delivered
1749,37,8,2025-03-07,Delivered
1750,38,8,2025-10-21,Delivered
1751,24,4,2025-08-30,Delivered
1752,11,2,2025-01-29,Delivered
1753,58,12,2026-07-28,Delivered
1754,11,2,2025-02-07,Delivered
1755,47,10,2025-09-22,Delivered
1756,38,7,2025-06-30,Cancelled
1757,47,9,2026-05-13,Delivered
1758,23,5,2025-03-27,Delivered
1759,53,11,2026-02-21,Delivered
1760,11,3,2025-05-24,Delivered
1761,35,8,2025-05-04,Delivered
1762,11,1,2025-04-03,Delivered
1763,23,6,2025-11-17,Delivered
1764,53,11,2025-08-30,Delivered
1765,11,2,2025-06-29,Delivered
1766,52,11,2025-09-18,Delivered
1767,45,9,2026-01-19,Delivered
1768,25,4,2026-03-10,Cancelled
1769,24,6,2025-05-29,Delivered
1770,8,3,2025-11-12,Delivered
1771,47,9,2026-11-10,Delivered
1772,11,3,2026-11-19,Delivered
1773,58,12,2026-10-17,Shipped
1774,9,1,2026-12-03,Processing
1775,8,2,2026-02-02,Delivered
1776,23,4,2025-09-19,Delivered
1777,53,11,2025-06-14,Delivered
1778,24,4,2026-10-22,Delivered
1779,52,11,2025-03-24,Delivered
1780,53,11,2026-02-27,Delivered
1781,52,11,2025-04-13,Delivered
1782,24,6,2025-12-27,Delivered
1783,25,4,2025-12-01,Delivered
1784,38,8,2026-10-19,Delivered
1785,8,1,2025-05-20,Delivered
1786,36,7,2025-11-18,Delivered
1787,45,9,2026-06-13,Delivered
1788,24,5,2026-12-04,Delivered
1789,22,6,2025-05-17,Delivered
1790,47,9,2025-12-02,Delivered
1791,10,2,2026-01-12,Delivered
1792,11,1,2026-08-08,Delivered
1793,37,7,2026-10-25,Shipped
1794,11,3,2026-04-19,Delivered
1795,24,5,2025-02-20,Delivered
1796,9,2,2025-06-02,Delivered
1797,9,3,2026-08-04,Delivered
1798,52,11,2026-04-10,Delivered
1799,11,2,2025-07-28,Delivered
1800,24,5,2026-05-22,Delivered
1801,11,2,2026-09-07,Delivered
1802,24,5,2025-07-13,Delivered
1803,22,5,2025-01-30,Delivered
1804,53,11,2026-04-07,Delivered
1805,25,4,2026-10-25,Delivered
1806,58,12,2025-11-28,Delivered
1807,45,10,2026-01-28,Delivered
1808,8,2,2026-07-25,Delivered
1809,53,11,2026-04-28,Delivered
1810,37,8,2026-06-01,Cancelled
1811,24,6,2026-11-19,Delivered
1812,22,6,2025-07-03,Delivered
1813,52,11,2025-12-14,Delivered
1814,25,4,2026-12-29,Delivered
1815,8,1,2025-11-17,Delivered
1816,46,10,2025-10-15,Delivered
1817,37,8,2025-09-27,Delivered
1818,52,11,2026-03-23,Delivered
1819,46,9,2026-05-19,Delivered
1820,38,8,2026-11-05,Delivered
1821,8,1,2025-06-02,Delivered
1822,10,2,2025-09-24,Delivered
1823,8,2,2026-05-22,Cancelled
1824,25,5,2026-07-29,Delivered
1825,9,1,2025-06-01,Delivered
1826,11,1,2025-10-18,Delivered
1827,36,7,2025-10-07,Delivered
1828,25,6,2025-01-05,Delivered
1829,22,5,2025-03-20,Delivered
1830,8,3,2025-12-03,Cancelled
1831,24,6,2025-05-05,Delivered
1832,52,11,2025-04-19,Delivered
1833,52,11,2026-04-17,Delivered
1834,37,7,2025-10-03,Delivered
1835,38,8,2025-02-14,Delivered
1836,9,1,2026-08-06,Delivered
1837,23,4,2025-10-17,Delivered
1838,53,11,2026-07-15,Delivered
1839,11,2,2025-09-19,Delivered
1840,10,2,2025-08-02,Delivered
1841,10,2,2026-11-01,Delivered
1842,46,10,2026-03-19,Delivered
1843,9,3,2026-09-10,Delivered
1844,25,5,2026-01-12,Delivered
1845,25,6,2026-02-02,Delivered
1846,46,10,2025-04-03,Delivered
1847,37,7,2026-03-21,Delivered
1848,58,12,2025-12-16,Delivered
1849,53,11,2025-06-08,Delivered
1850,9,2,2026-03-24,Delivered
1851,45,10,2025-05-11,Delivered
1852,25,6,2026-06-20,Delivered
1853,53,11,2025-03-20,Delivered
1854,9,3,2026-02-27,Delivered
1855,24,6,2025-09-17,Delivered
1856,8,3,2026-05-31,Delivered
1857,47,10,2025-07-03,Delivered
1858,52,11,2026-03-03,Delivered
1859,46,10,2026-04-11,Delivered
1860,23,4,2025-09-29,Delivered
1861,46,10,2025-03-22,Delivered
1862,25,4,2025-04-19,Delivered
1863,8,3,2025-04-30,Delivered
1864,24,6,2026-12-10,Cancelled
1865,46,10,2026-09-09,Delivered
1866,24,6,2026-09-24,Cancelled
1867,24,5,2026-11-23,Delivered
1868,8,1,2025-05-19,Delivered
1869,58,12,2026-12-14,Delivered
1870,10,1,2026-10-27,Delivered
1871,52,11,2026-10-04,Delivered
1872,10,2,2026-04-20,Delivered
1873,53,11,2025-06-20,Cancelled
1874,8,2,2026-04-28,Delivered
1875,22,5,2025-07-26,Delivered
1876,9,3,2025-01-09,Delivered
1877,52,11,2026-03-02,Delivered
1878,25,6,2026-02-14,Delivered
1879,53,11,2026-11-26,Delivered
1880,35,8,2025-03-04,Delivered
1881,8,3,2026-07-21,Delivered
1882,9,3,2026-04-30,Delivered
1883,25,5,2025-12-22,Delivered
1884,46,10,2025-10-22,Delivered
1885,25,6,2025-08-26,Delivered
1886,53,11,2025-12-14,Delivered
1887,46,10,2025-10-28,Cancelled
1888,38,8,2026-11-21,Delivered
1889,37,8,2025-06-15,Delivered
1890,45,9,2025-03-30,Delivered
1891,37,7,2025-06-10,Delivered
1892,23,4,2026-05-21,Delivered
1893,23,5,2025-01-19,Delivered
1894,10,3,2025-06-12,Delivered
1895,23,4,2025-03-07,Delivered
1896,36,8,2025-05-04,Delivered
1897,47,9,2025-12-15,Delivered
1898,22,4,2026-07-25,Delivered
1899,37,7,2026-06-12,Delivered
1900,47,9,2026-03-25,Cancelled
1901,37,7,2026-09-18,Delivered
1902,25,4,2025-02-12,Delivered
1903,53,11,2025-07-30,Delivered
1904,25,6,2026-12-27,Delivered
1905,10,2,2025-04-12,Delivered
1906,9,1,2025-05-22,Delivered
1907,46,9,2026-03-02,Delivered
1908,23,6,2026-05-01,Delivered
1909,24,5,2025-09-30,Delivered
1910,22,6,2026-11-12,Delivered
1911,10,2,2025-08-22,Delivered
1912,53,11,2026-02-24,Delivered
1913,10,1,2026-03-30,Delivered
1914,53,11,2026-06-14,Delivered
1915,58,12,2026-02-16,Delivered
1916,46,9,2026-02-07,Delivered
1917,58,12,2025-03-01,Delivered
1918,45,10,2026-11-29,Delivered
1919,53,11,2025-11-18,Delivered
1920,37,7,2026-06-25,Delivered
1921,38,8,2026-04-02,Delivered
1922,24,4,2026-10-27,Shipped
1923,8,2,2025-03-28,Delivered
1924,35,8,2025-05-10,Delivered
1925,36,8,2026-06-08,Delivered
1926,8,3,2025-06-13,Delivered
1927,52,11,2025-09-05,Delivered
1928,9,1,2026-06-02,Delivered
1929,38,8,2025-09-23,Delivered
1930,53,11,2026-10-29,Delivered
1931,25,4,2025-01-06,Delivered
1932,36,7,2026-08-19,Delivered
1933,45,9,2025-10-19,Delivered
1934,46,9,2026-06-17,Delivered
1935,11,2,2026-08-20,Delivered
1936,45,10,2025-05-31,Delivered
1937,24,4,2025-03-05,Delivered
1938,9,3,2026-04-02,Delivered
1939,36,8,2026-08-26,Delivered
1940,25,5,2026-08-22,Cancelled
1941,53,11,2026-12-07,Shipped
1942,52,11,2026-03-03,Delivered
1943,45,9,2026-05-12,Cancelled
1944,52,11,2026-06-10,Delivered
1945,25,6,2026-04-12,Delivered
1946,24,4,2026-07-27,Delivered
1947,9,2,2026-02-23,Delivered
1948,25,4,2025-02-11,Delivered
1949,22,5,2026-01-19,Delivered
1950,10,3,2025-05-27,Delivered
1951,52,11,2025-11-09,Delivered
1952,8,3,2026-05-16,Delivered
1953,24,6,2025-02-15,Delivered
1954,53,11,2026-04-09,Delivered
1955,9,1,2026-09-13,Delivered
1956,46,10,2026-04-17,Delivered
1957,9,3,2025-11-30,Delivered
1958,24,5,2026-02-24,Delivered
1959,58,12,2025-02-16,Delivered
1960,9,1,2026-10-24,Delivered
1961,38,8,2026-08-09,Delivered
1962,38,7,2025-05-07,Delivered
1963,36,7,2026-09-26,Cancelled
1964,11,2,2026-06-19,Delivered
1965,9,3,2025-01-20,Delivered
1966,22,4,2025-01-20,Delivered
1967,52,11,2026-12-24,Delivered
1968,37,8,2026-07-01,Delivered
1969,52,11,2026-05-19,Delivered
1970,24,6,2025-07-04,Delivered
1971,9,1,2025-09-21,Delivered
1972,10,2,2025-10-20,Delivered
1973,23,5,2025-06-07,Delivered
1974,37,8,2025-03-02,Delivered
1975,23,4,2025-03-01,Delivered
1976,52,11,2026-02-27,Delivered
1977,8,1,2025-05-04,Delivered
1978,11,3,2026-08-24,Delivered
1979,53,11,2026-01-30,Delivered
1980,36,7,2026-04-21,Delivered
1981,37,7,2026-02-22,Delivered
1982,45,9,2026-08-24,Delivered
1983,47,10,2026-10-30,Delivered
1984,9,3,2026-04-02,Delivered
1985,24,4,2025-05-26,Delivered
1986,53,11,2026-07-05,Delivered
1987,58,12,2026-04-21,Delivered
1988,8,2,2025-06-21,Delivered
1989,52,11,2025-09-14,Cancelled
1990,11,3,2026-10-10,Delivered
1991,46,9,2025-06-15,Delivered
1992,45,9,2026-02-09,Delivered
1993,52,11,2025-10-14,Delivered
1994,52,11,2025-11-22,Delivered
1995,25,4,2026-12-26,Shipped
1996,23,5,2025-11-26,Cancelled
1997,8,3,2025-12-03,Delivered
1998,37,7,2025-01-03,Delivered
1999,10,3,2026-11-20,Shipped
2000,25,5,2026-12-22,Shipped
2001,38,7,2026-10-27,Shipped
2002,25,4,2026-11-19,Delivered
2003,52,11,2026-01-21,Delivered
2004,58,12,2026-12-15,Delivered
2005,25,4,2025-07-17,Delivered
2006,45,10,2025-10-15,Delivered
2007,37,7,2026-09-21,Delivered
2008,58,12,2026-05-21,Delivered
2009,45,9,2026-12-22,Delivered
2010,24,5,2026-10-16,Delivered
2011,10,1,2026-05-21,Delivered
2012,45,9,2026-08-03,Delivered
2013,46,9,2025-05-12,Delivered
2014,52,11,2026-08-07,Delivered
2015,8,3,2026-11-26,Delivered
2016,22,6,2026-09-22,Delivered
2017,53,11,2025-01-03,Delivered
2018,25,5,2025-11-27,Delivered
2019,25,5,2026-11-28,Delivered
2020,52,11,2025-02-14,Delivered
2021,35,8,2026-03-07,Delivered
2022,23,6,2025-07-19,Delivered
2023,58,12,2025-08-20,Cancelled
2024,11,2,2025-09-13,Delivered
2025,37,7,2026-10-04,Delivered
2026,36,8,2025-01-25,Delivered
2027,9,1,2025-09-11,Cancelled
2028,52,11,2025-02-25,Delivered
2029,37,7,2026-09-07,Delivered
2030,9,1,2026-08-16,Delivered
2031,23,6,2026-01-22,Delivered
2032,8,2,2025-05-11,Delivered
2033,37,7,2026-09-18,Delivered
2034,35,8,2025-02-27,Delivered
2035,9,2,2026-02-16,Delivered
2036,47,9,2026-09-06,Delivered
2037,47,9,2026-04-21,Delivered
2038,47,10,2026-11-23,Delivered
2039,11,1,2026-08-25,Delivered
2040,36,7,2025-03-11,Delivered
2041,38,8,2025-05-10,Delivered
2042,46,10,2026-05-08,Delivered
2043,47,9,2025-05-21,Delivered
2044,25,6,2026-08-22,Delivered
2045,36,7,2025-11-15,Delivered
2046,37,8,2025-11-13,Delivered
2047,25,6,2025-01-09,Delivered
2048,11,3,2025-02-28,Delivered
2049,23,4,2026-03-09,Delivered
2050,47,10,2025-07-26,Delivered
2051,45,10,2026-05-03,Delivered
2052,52,11,2025-12-06,Delivered
2053,23,4,2026-03-05,Delivered
2054,25,4,2025-02-13,Delivered
2055,11,3,2026-12-11,Delivered
2056,46,10,2026-05-08,Delivered
2057,11,1,2026-01-20,Delivered
2058,24,4,2025-01-07,Delivered
2059,9,2,2026-07-23,Delivered
2060,37,8,2026-10-09,Delivered
2061,11,2,2025-01-31,Delivered
2062,46,10,2025-09-26,Delivered
2063,11,1,2025-09-09,Delivered
2064,53,11,2025-09-26,Delivered
2065,24,4,2025-05-21,Delivered
2066,23,4,2025-08-04,Delivered
2067,38,8,2026-01-17,Delivered
2068,9,1,2025-03-08,Delivered
2069,35,8,2025-07-16,Delivered
2070,58,12,2026-03-16,Delivered
2071,37,8,2026-09-23,Delivered
2072,11,3,2025-12-02,Delivered
2073,52,11,2025-05-10,Delivered
2074,47,9,2025-03-25,Delivered
2075,46,10,2026-02-02,Delivered
2076,11,3,2026-04-21,Delivered
2077,25,5,2026-12-13,Delivered
2078,24,6,2026-08-19,Delivered
2079,11,1,2025-08-01,Delivered
2080,24,5,2025-08-29,Delivered
2081,36,8,2026-01-22,Delivered
2082,9,1,2025-03-28,Delivered
2083,24,6,2026-06-16,Delivered
2084,37,8,2026-06-09,Delivered
2085,24,5,2026-03-19,Delivered
2086,8,2,2026-01-27,Delivered
2087,8,1,2026-10-23,Delivered
2088,35,7,2026-05-29,Delivered
2089,9,1,2025-08-22,Delivered
2090,11,1,2026-07-14,Delivered
2091,23,6,2025-09-14,Delivered
2092,45,9,2025-07-15,Cancelled
2093,53,11,2026-07-11,Delivered
2094,52,11,2025-10-16,Delivered
2095,46,9,2026-08-17,Delivered
2096,58,12,2026-06-09,Delivered
2097,11,3,2025-08-22,Delivered
2098,35,8,2025-08-28,Delivered
2099,23,4,2026-04-18,Delivered
2100,25,6,2025-07-12,Delivered
2101,25,6,2026-03-26,Delivered
2102,36,7,2025-05-23,Delivered
2103,25,6,2025-01-10,Delivered
2104,11,2,2025-12-14,Delivered
2105,46,10,2026-02-18,Delivered
2106,36,7,2025-01-24,Delivered
2107,58,12,2025-06-07,Delivered
2108,53,11,2026-09-10,Cancelled
2109,53,11,2025-07-29,Delivered
2110,25,5,2025-07-12,Delivered
2111,38,8,2026-04-08,Delivered
2112,45,9,2025-04-17,Delivered
2113,36,7,2026-12-07,Delivered
2114,53,11,2025-03-13,Delivered
2115,22,6,2025-08-27,Delivered
2116,24,4,2025-02-28,Delivered
2117,24,4,2026-02-25,Delivered
2118,25,4,2026-03-05,Delivered
2119,9,1,2025-07-31,Delivered
2120,38,7,2026-12-28,Shipped
2121,36,8,2025-11-14,Delivered
2122,58,12,2025-01-08,Delivered
2123,37,7,2026-02-13,Delivered
2124,52,11,2026-08-06,Delivered
2125,46,10,2025-02-10,Delivered
2126,24,6,2026-04-13,Delivered
2127,37,7,2026-02-05,Delivered
2128,53,11,2025-07-03,Delivered
2129,11,3,2026-11-06,Delivered
2130,53,11,2026-12-17,Processing
2131,22,6,2025-06-11,Delivered
2132,53,11,2026-11-14,Shipped
2133,58,12,2026-02-26,Cancelled
2134,46,10,2025-03-20,Delivered
2135,22,6,2025-06-18,Delivered
2136,8,3,2025-01-28,Delivered
2137,24,6,2026-04-18,Delivered
2138,24,4,2025-07-19,Delivered
2139,53,11,2026-12-28,Shipped
2140,25,4,2026-04-21,Delivered
2141,22,5,2026-11-04,Delivered
2142,52,11,2025-10-13,Delivered
2143,9,2,2026-09-14,Delivered
2144,10,3,2026-02-05,Delivered
2145,22,5,2026-11-25,Delivered
2146,45,9,2025-08-10,Delivered
2147,52,11,2025-02-18,Delivered
2148,25,6,2025-11-12,Delivered
2149,46,9,2026-01-22,Delivered
2150,11,1,2025-09-02,Delivered
2151,23,4,2025-01-15,Delivered
2152,11,1,2025-03-06,Delivered
2153,10,1,2026-11-12,Delivered
2154,9,2,2026-06-09,Delivered
2155,11,1,2026-10-04,Shipped
2156,53,11,2026-02-09,Delivered
2157,24,4,2025-04-19,Delivered
2158,23,5,2026-11-01,Delivered
2159,8,2,2025-08-14,Delivered
2160,8,1,2026-01-13,Delivered
2161,25,4,2026-09-06,Delivered
2162,10,1,2026-08-06,Delivered
2163,45,9,2026-10-09,Delivered
2164,46,10,2026-10-13,Cancelled
2165,25,5,2026-11-14,Delivered
2166,25,6,2026-08-23,Delivered
2167,25,6,2025-08-27,Cancelled
2168,8,1,2025-08-27,Delivered
2169,46,9,2026-03-15,Delivered
2170,25,4,2026-01-19,Delivered
2171,38,7,2025-07-29,Delivered
2172,58,12,2026-09-05,Delivered
2173,9,2,2025-12-03,Delivered
2174,25,5,2025-02-10,Delivered
2175,46,9,2025-10-23,Delivered
2176,23,4,2025-12-06,Delivered
2177,58,12,2026-11-12,Delivered
2178,25,4,2026-01-26,Delivered
2179,8,2,2025-01-07,Delivered
2180,8,1,2025-07-17,Delivered
2181,9,3,2025-05-09,Delivered
2182,11,1,2025-07-29,Delivered
2183,23,6,2026-04-24,Delivered
2184,10,1,2026-03-11,Delivered
2185,25,6,2026-08-14,Delivered
2186,9,2,2026-05-08,Delivered
2187,25,5,2025-06-21,Delivered
2188,46,10,2026-03-20,Delivered
2189,24,4,2026-01-26,Delivered
2190,37,7,2025-11-04,Delivered
2191,22,5,2025-06-29,Delivered
2192,24,6,2025-10-18,Delivered
2193,9,2,2025-12-08,Delivered
2194,8,3,2025-07-14,Delivered
2195,25,5,2026-01-19,Delivered
2196,24,5,2026-01-18,Delivered
2197,8,1,2026-08-26,Cancelled
2198,24,6,2025-05-08,Delivered
2199,58,12,2026-03-23,Delivered
2200,37,8,2026-05-16,Delivered
2201,24,5,2026-10-29,Delivered
2202,25,5,2025-09-06,Delivered
2203,8,3,2026-11-24,Delivered
2204,37,7,2025-09-25,Delivered
2205,36,7,2026-09-09,Delivered
2206,38,8,2025-04-05,Delivered
2207,58,12,2026-08-24,Delivered
2208,52,11,2025-07-13,Delivered
2209,45,10,2025-09-16,Delivered
2210,46,9,2026-02-26,Delivered
2211,47,10,2026-08-10,Delivered
2212,46,10,2025-10-03,Delivered
2213,58,12,2025-01-07,Delivered
2214,46,10,2025-03-13,Delivered
2215,22,5,2026-11-02,Delivered
2216,10,1,2026-01-19,Delivered
2217,25,4,2025-07-06,Delivered
2218,11,1,2025-08-06,Delivered
2219,22,5,2025-07-16,Delivered
2220,9,3,2026-10-02,Delivered
2221,9,1,2025-10-28,Delivered
2222,8,1,2025-12-17,Delivered
2223,46,9,2026-11-20,Delivered
2224,38,7,2025-01-08,Delivered
2225,47,10,2026-06-19,Delivered
2226,53,11,2025-09-30,Delivered
2227,25,5,2026-09-11,Delivered
2228,58,12,2025-12-18,Delivered
2229,24,6,2026-11-13,Delivered
2230,52,11,2025-12-31,Delivered
2231,24,4,2026-12-17,Delivered
2232,52,11,2025-05-06,Cancelled
2233,24,6,2025-09-12,Delivered
2234,35,7,2026-05-02,Delivered
2235,58,12,2026-10-16,Delivered
2236,52,11,2026-01-04,Delivered
2237,37,8,2025-08-28,Delivered
2238,23,5,2025-03-25,Cancelled
2239,53,11,2026-12-18,Delivered
2240,45,9,2025-07-19,Delivered
2241,23,6,2025-03-31,Cancelled
2242,10,2,2026-04-24,Cancelled
2243,38,7,2026-05-09,Delivered
2244,46,9,2025-06-24,Delivered
2245,10,2,2025-01-30,Delivered
2246,11,2,2025-10-15,Delivered
2247,9,1,2026-11-18,Shipped
2248,46,9,2026-10-11,Delivered
2249,52,11,2025-12-07,Delivered
2250,53,11,2026-01-22,Delivered
2251,58,12,2026-07-30,Delivered
2252,22,5,2025-08-17,Delivered
2253,23,6,2025-04-02,Delivered
2254,36,7,2025-04-29,Delivered
2255,36,7,2026-01-25,Delivered
2256,35,8,2026-08-28,Cancelled
2257,47,9,2025-11-24,Delivered
2258,37,7,2026-09-09,Delivered
2259,52,11,2026-07-06,Delivered
2260,52,11,2025-10-31,Delivered
2261,37,7,2025-05-31,Delivered
2262,8,2,2026-12-21,Delivered
2263,9,3,2026-12-07,Shipped
2264,52,11,2026-10-09,Delivered
2265,8,2,2026-01-21,Delivered
2266,52,11,2025-08-04,Delivered
2267,53,11,2025-02-23,Delivered
2268,22,6,2026-02-06,Delivered
2269,58,12,2025-06-13,Delivered
2270,25,5,2026-11-26,Delivered
2271,8,3,2026-02-05,Delivered
2272,53,11,2026-12-15,Delivered
2273,46,9,2025-11-28,Delivered
2274,23,6,2026-12-28,Delivered
2275,25,5,2025-05-21,Delivered
2276,11,3,2025-05-29,Delivered
2277,8,3,2026-10-29,Shipped
2278,45,9,2025-04-15,Delivered
2279,45,9,2026-03-14,Delivered
2280,24,5,2025-04-09,Delivered
2281,9,3,2025-02-23,Delivered
2282,25,4,2026-08-31,Delivered
2283,11,1,2026-02-18,Delivered
2284,23,6,2026-05-16,Cancelled
2285,46,9,2026-10-31,Delivered
2286,24,6,2026-10-28,Delivered
2287,8,1,2026-01-12,Delivered
2288,38,7,2026-05-16,Delivered
2289,58,12,2026-08-10,Delivered
2290,47,9,2025-04-07,Delivered
2291,45,10,2026-10-23,Delivered
2292,23,6,2025-04-12,Delivered
2293,10,3,2026-07-05,Delivered
2294,52,11,2026-07-24,Delivered
2295,35,7,2026-08-22,Delivered
2296,58,12,2025-08-01,Delivered
2297,45,9,2026-09-06,Delivered
2298,9,1,2025-11-18,Delivered
2299,10,3,2026-10-31,Delivered
2300,9,1,2025-02-05,Delivered
2301,58,12,2026-01-08,Delivered
2302,8,2,2026-11-05,Delivered
2303,53,11,2026-06-16,Delivered
2304,10,2,2026-04-01,Delivered
2305,53,11,2026-06-20,Delivered
2306,11,1,2026-06-07,Delivered
2307,11,1,2025-02-15,Delivered
2308,58,12,2025-08-09,Delivered
2309,9,3,2025-10-12,Delivered
2310,22,5,2026-07-18,Delivered
2311,24,4,2025-06-17,Delivered
2312,24,6,2026-11-24,Delivered
2313,8,3,2025-07-28,Delivered
2314,45,9,2026-10-11,Delivered
2315,45,9,2026-08-01,Delivered
2316,23,5,2025-06-07,Delivered
2317,22,5,2026-09-11,Delivered
2318,45,10,2025-04-23,Delivered
2319,9,2,2026-10-18,Delivered
2320,52,11,2025-05-30,Delivered
2321,24,4,2025-04-11,Delivered
2322,47,9,2025-04-18,Delivered
2323,36,8,2025-11-10,Delivered
2324,45,10,2025-12-24,Delivered
2325,9,1,2026-09-15,Delivered
2326,10,3,2026-02-03,Delivered
2327,36,8,2026-06-29,Delivered
2328,22,6,2025-05-11,Delivered
2329,38,7,2025-06-09,Delivered
2330,8,3,2025-10-01,Delivered
2331,45,9,2026-01-15,Delivered
2332,45,9,2026-03-05,Delivered
2333,47,10,2025-12-29,Delivered
2334,35,7,2026-03-15,Delivered
2335,53,11,2025-03-31,Delivered
2336,38,7,2025-04-03,Delivered
2337,10,1,2025-04-06,Delivered
2338,36,8,2025-10-20,Delivered
2339,58,12,2025-01-11,Delivered
2340,25,6,2025-05-20,Delivered
2341,52,11,2026-11-25,Delivered
2342,11,3,2026-09-24,Delivered
2343,45,10,2026-03-12,Delivered
2344,53,11,2026-11-09,Delivered
2345,45,9,2025-06-22,Delivered
2346,52,11,2026-01-11,Cancelled
2347,25,4,2026-03-09,Delivered
2348,23,6,2025-04-26,Delivered
2349,52,11,2026-07-07,Delivered
2350,23,4,2026-05-10,Delivered
2351,36,7,2026-10-09,Shipped
2352,35,7,2026-10-21,Shipped
2353,52,11,2026-09-25,Delivered
2354,25,5,2026-09-23,Delivered
2355,23,6,2025-01-06,Delivered
2356,8,2,2025-12-30,Delivered
2357,35,7,2025-03-28,Delivered
2358,8,3,2026-05-15,Delivered
2359,24,5,2026-04-27,Delivered
2360,35,8,2025-07-06,Delivered
2361,38,8,2026-03-26,Delivered
2362,46,9,2025-12-29,Delivered
2363,11,1,2026-12-28,Delivered
2364,24,6,2025-05-17,Delivered
2365,10,1,2025-02-02,Delivered
2366,58,12,2026-11-13,Delivered
2367,25,6,2026-07-18,Delivered
2368,46,10,2025-11-29,Delivered
2369,9,1,2026-02-03,Delivered
2370,10,3,2025-05-10,Delivered
2371,11,3,2026-12-02,Processing
2372,58,12,2026-03-16,Delivered
2373,22,4,2025-10-24,Delivered
2374,37,7,2025-09-11,Delivered
2375,52,11,2025-04-28,Delivered
2376,11,3,2026-03-16,Delivered
2377,45,9,2025-04-16,Delivered
2378,38,7,2026-08-29,Delivered
2379,24,5,2025-05-16,Cancelled
2380,25,6,2025-05-30,Delivered
2381,24,6,2025-02-22,Delivered
2382,58,12,2026-10-11,Delivered
2383,8,2,2026-05-06,Delivered
2384,9,2,2025-11-08,Delivered
2385,45,9,2025-12-26,Delivered
2386,10,1,2025-02-18,Delivered
2387,11,2,2025-11-26,Delivered
2388,9,1,2026-09-14,Delivered
2389,24,5,2026-05-19,Delivered
2390,8,3,2026-11-17,Delivered
2391,23,6,2025-05-14,Delivered
2392,35,8,2026-08-27,Delivered
2393,11,2,2025-10-10,Delivered
2394,9,3,2025-04-19,Delivered
2395,36,7,2025-02-12,Delivered
2396,53,11,2026-04-02,Delivered
2397,24,6,2026-09-26,Delivered
2398,35,7,2025-07-26,Delivered
2399,24,6,2025-07-16,Delivered
2400,58,12,2026-07-28,Delivered
2401,53,11,2025-05-01,Delivered
2402,53,11,2026-06-21,Delivered
2403,45,9,2025-10-08,Delivered
2404,8,3,2026-08-03,Delivered
2405,25,6,2026-02-12,Delivered
2406,10,3,2025-03-18,Delivered
2407,24,5,2026-02-04,Delivered
2408,10,1,2025-01-04,Delivered
2409,52,11,2025-01-10,Delivered
2410,22,4,2026-06-22,Delivered
2411,36,7,2025-10-02,Delivered
2412,11,1,2026-07-01,Delivered
2413,53,11,2025-10-12,Delivered
2414,37,7,2025-02-22,Cancelled
2415,35,7,2025-08-04,Delivered
2416,37,8,2026-10-10,Delivered
2417,52,11,2026-12-24,Shipped
2418,53,11,2026-02-23,Delivered
2419,37,7,2025-02-28,Delivered
2420,46,10,2025-08-13,Delivered
2421,35,7,2025-01-17,Delivered
2422,24,6,2026-12-06,Delivered
2423,38,7,2026-10-04,Delivered
2424,23,4,2025-08-14,Delivered
2425,10,1,2026-02-09,Delivered
2426,24,5,2026-03-21,Delivered
2427,25,4,2025-07-05,Delivered
2428,53,11,2026-05-18,Delivered
2429,23,4,2025-01-22,Delivered
2430,37,7,2026-12-05,Delivered
2431,22,6,2026-03-13,Cancelled
2432,46,9,2025-04-13,Delivered
2433,36,8,2025-01-13,Delivered
2434,52,11,2025-04-23,Delivered
2435,22,6,2025-03-27,Delivered
2436,58,12,2025-01-10,Delivered
2437,52,11,2025-12-13,Delivered
2438,46,10,2026-05-07,Delivered
2439,23,4,2025-11-11,Delivered
2440,45,9,2026-07-11,Delivered
2441,9,2,2025-02-15,Delivered
2442,10,1,2026-03-02,Delivered
2443,24,5,2026-03-14,Delivered
2444,53,11,2025-08-20,Delivered
2445,25,4,2025-04-26,Delivered
2446,24,6,2025-10-16,Delivered
2447,53,11,2026-01-05,Delivered
2448,10,2,2026-09-12,Delivered
2449,11,2,2026-09-07,Delivered
2450,45,10,2026-11-15,Delivered
2451,22,5,2025-04-17,Delivered
2452,52,11,2025-09-29,Delivered
2453,46,9,2025-06-02,Delivered
2454,25,5,2026-02-04,Delivered
2455,36,8,2025-04-26,Delivered
2456,58,12,2025-11-27,Delivered
2457,23,5,2025-12-28,Delivered
2458,36,8,2026-02-28,Delivered
2459,53,11,2026-11-01,Delivered
2460,35,8,2026-05-25,Delivered
2461,24,6,2025-08-24,Delivered
2462,36,7,2026-06-24,Delivered
2463,24,4,2025-08-29,Cancelled
2464,24,5,2025-01-18,Cancelled
2465,8,2,2025-04-23,Delivered
2466,23,4,2025-05-23,Delivered
2467,58,12,2026-07-19,Delivered
2468,8,1,2025-08-18,Delivered
2469,45,10,2026-12-14,Shipped
2470,58,12,2026-12-14,Delivered
2471,45,9,2025-04-19,Delivered
2472,52,11,2026-09-01,Delivered
2473,9,1,2025-05-25,Delivered
2474,10,1,2026-03-03,Delivered
2475,46,10,2025-05-24,Delivered
2476,25,6,2025-12-12,Delivered
2477,9,1,2025-10-21,Delivered
2478,37,7,2025-02-02,Delivered
2479,24,5,2025-01-12,Delivered
2480,36,8,2026-04-11,Delivered
2481,23,4,2026-05-29,Delivered
2482,22,4,2025-06-10,Delivered
2483,46,10,2025-05-09,Delivered
2484,24,6,2025-08-13,Cancelled
2485,52,11,2026-09-12,Delivered
2486,38,8,2026-10-31,Delivered
2487,37,7,2026-01-16,Delivered
2488,9,3,2025-04-17,Delivered
2489,8,2,2025-12-10,Delivered
2490,8,3,2025-04-20,Delivered
2491,11,1,2025-11-13,Delivered
2492,11,1,2025-02-03,Cancelled
2493,8,2,2026-08-02,Delivered
2494,9,2,2025-11-19,Delivered
2495,46,10,2026-01-01,Delivered
2496,46,10,2025-11-19,Cancelled
2497,45,10,2026-12-21,Delivered
2498,9,1,2026-05-31,Delivered
2499,25,4,2026-01-27,Delivered
2500,45,9,2025-06-05,Delivered
2501,58,12,2025-04-06,Delivered
2502,38,7,2026-11-29,Cancelled
2503,35,8,2026-05-29,Delivered
2504,23,5,2025-05-15,Delivered
2505,8,3,2026-03-18,Delivered
2506,11,3,2026-02-01,Delivered
2507,36,8,2025-06-06,Delivered
2508,10,2,2025-01-16,Delivered
2509,25,5,2025-03-31,Delivered
2510,10,2,2025-10-30,Delivered
2511,9,1,2025-12-28,Delivered
2512,22,5,2026-04-17,Cancelled
2513,38,7,2026-03-29,Delivered
2514,25,5,2026-08-06,Delivered
2515,24,6,2026-02-15,Delivered
2516,25,6,2025-05-13,Delivered
2517,24,6,2025-11-18,Delivered
2518,22,6,2026-04-06,Delivered
2519,8,1,2026-10-22,Delivered
2520,8,1,2026-07-29,Delivered
2521,36,7,2025-06-12,Delivered
2522,45,10,2026-04-19,Delivered
2523,35,8,2026-10-20,Delivered
2524,46,10,2025-07-04,Delivered
2525,24,4,2025-07-24,Delivered
2526,25,6,2026-09-11,Delivered
2527,22,4,2025-04-28,Delivered
2528,10,1,2026-04-27,Delivered
2529,58,12,2025-02-02,Delivered
2530,47,10,2026-01-06,Delivered
2531,52,11,2025-08-05,Delivered
2532,10,1,2026-10-13,Delivered
2533,9,3,2026-02-19,Delivered
2534,35,8,2026-03-06,Delivered
2535,9,2,2025-02-25,Delivered
2536,10,2,2025-11-01,Delivered
2537,25,6,2026-05-09,Delivered
2538,24,6,2026-12-15,Shipped
2539,35,7,2025-01-11,Delivered
2540,36,7,2026-11-15,Delivered
2541,8,2,2025-11-21,Delivered
2542,52,11,2026-05-27,Delivered
2543,24,6,2026-11-22,Delivered
2544,53,11,2026-04-07,Delivered
2545,58,12,2026-10-17,Delivered
2546,24,6,2025-07-12,Delivered
2547,24,5,2026-09-08,Delivered
2548,58,12,2025-07-15,Delivered
2549,8,2,2026-01-08,Delivered
2550,45,10,2025-05-08,Delivered
2551,27,6,2025-12-27,Delivered
2552,12,1,2025-12-10,Delivered
2553,13,3,2026-01-18,Delivered
2554,27,6,2026-03-23,Delivered
2555,48,9,2026-03-24,Cancelled
2556,12,1,2025-04-17,Delivered
2557,12,3,2026-02-26,Delivered
2558,12,2,2026-07-12,Delivered
2559,48,10,2025-02-03,Delivered
2560,40,7,2026-04-11,Delivered
2561,59,12,2026-04-26,Cancelled
2562,28,6,2026-04-21,Delivered
2563,12,2,2026-02-10,Delivered
2564,26,6,2026-06-04,Delivered
2565,48,9,2026-03-01,Delivered
2566,12,1,2026-03-01,Delivered
2567,54,11,2026-01-19,Delivered
2568,60,12,2026-08-09,Delivered
2569,13,3,2026-02-05,Delivered
2570,54,11,2025-02-22,Delivered
2571,28,6,2026-10-14,Delivered
2572,39,8,2025-11-22,Delivered
2573,54,11,2026-12-29,Shipped
2574,54,11,2026-02-06,Delivered
2575,59,12,2025-06-12,Delivered
2576,28,6,2025-01-27,Delivered
2577,12,3,2025-06-06,Delivered
2578,40,7,2025-03-22,Delivered
2579,60,12,2025-05-14,Delivered
2580,59,12,2026-10-31,Delivered
2581,54,11,2025-09-09,Delivered
2582,12,1,2026-11-07,Shipped
2583,12,3,2026-10-05,Shipped
2584,39,7,2025-04-24,Delivered
2585,26,4,2025-10-17,Delivered
2586,54,11,2026-05-22,Delivered
2587,54,11,2026-05-18,Delivered
2588,12,3,2026-10-03,Delivered
2589,48,10,2025-11-18,Delivered
2590,26,4,2025-07-04,Delivered
2591,40,7,2026-10-09,Delivered
2592,60,12,2025-12-18,Cancelled
2593,40,7,2026-09-07,Delivered
2594,59,12,2025-09-18,Delivered
2595,12,3,2026-07-03,Delivered
2596,54,11,2025-08-10,Delivered
2597,26,4,2025-01-31,Delivered
2598,59,12,2026-12-10,Delivered
2599,59,12,2025-07-24,Delivered
2600,26,6,2026-10-30,Delivered
2601,39,8,2026-03-23,Delivered
2602,13,3,2025-09-14,Delivered
2603,60,12,2025-10-15,Delivered
2604,26,4,2026-08-25,Cancelled
2605,28,5,2026-05-15,Delivered
2606,54,11,2025-10-06,Delivered
2607,13,2,2026-03-16,Delivered
2608,54,11,2026-10-10,Delivered
2609,59,12,2025-02-04,Delivered
2610,40,8,2025-10-28,Delivered
2611,13,2,2025-04-28,Delivered
2612,27,4,2025-07-10,Delivered
2613,27,5,2026-01-16,Delivered
2614,48,10,2025-11-23,Delivered
2615,54,11,2026-08-05,Delivered
2616,26,4,2026-01-30,Delivered
2617,40,7,2025-04-16,Delivered
2618,28,5,2026-10-24,Delivered
2619,13,1,2025-11-24,Delivered
2620,12,2,2026-05-26,Delivered
2621,39,8,2025-05-08,Delivered
2622,40,8,2025-08-31,Delivered
2623,60,12,2026-08-13,Delivered
2624,12,3,2026-02-17,Delivered
2625,26,4,2025-02-10,Delivered
2626,54,11,2025-04-08,Delivered
2627,26,5,2025-10-09,Delivered
2628,54,11,2026-07-24,Delivered
2629,26,5,2026-02-07,Delivered
2630,60,12,2026-10-19,Delivered
2631,12,1,2026-09-25,Delivered
2632,13,2,2025-01-11,Delivered
2633,14,1,2026-03-23,Delivered
2634,54,11,2026-01-13,Delivered
2635,26,4,2025-02-23,Delivered
2636,12,2,2025-11-08,Delivered
2637,26,4,2026-01-24,Delivered
2638,39,7,2026-08-21,Delivered
2639,54,11,2025-06-01,Delivered
2640,13,3,2026-11-16,Delivered
2641,48,10,2026-05-05,Delivered
2642,14,2,2026-05-10,Delivered
2643,12,3,2026-12-30,Processing
2644,48,9,2025-09-06,Delivered
2645,60,12,2025-03-18,Delivered
2646,14,2,2026-11-18,Delivered
2647,27,6,2025-04-18,Delivered
2648,54,11,2026-06-11,Delivered
2649,13,3,2026-11-03,Delivered
2650,14,2,2025-05-14,Delivered
2651,59,12,2026-04-09,Delivered
2652,12,2,2025-07-12,Delivered
2653,59,12,2025-11-11,Delivered
2654,54,11,2025-04-20,Delivered
2655,13,1,2026-04-17,Delivered
2656,28,5,2026-06-28,Delivered
2657,12,2,2026-07-18,Delivered
2658,39,8,2026-02-11,Delivered
2659,27,4,2025-10-07,Delivered
2660,13,1,2026-03-09,Delivered
2661,26,6,2026-09-01,Delivered
2662,12,1,2026-03-20,Delivered
2663,14,1,2025-04-24,Delivered
2664,26,4,2026-08-13,Delivered
2665,14,3,2025-10-10,Delivered
2666,27,4,2026-02-19,Delivered
2667,26,4,2026-12-10,Delivered
2668,27,5,2025-07-28,Delivered
2669,54,11,2025-10-22,Delivered
2670,40,8,2026-12-19,Processing
2671,14,2,2026-12-06,Shipped
2672,13,2,2025-06-20,Delivered
2673,48,10,2025-01-14,Delivered
2674,60,12,2025-07-01,Delivered
2675,40,8,2025-01-10,Delivered
2676,59,12,2026-05-16,Delivered
2677,40,8,2025-01-18,Delivered
2678,39,7,2026-06-22,Delivered
2679,26,6,2025-04-13,Delivered
2680,54,11,2026-05-18,Delivered
2681,27,4,2025-09-17,Delivered
2682,54,11,2025-11-05,Delivered
2683,39,7,2026-12-04,Delivered
2684,54,11,2026-02-25,Delivered
2685,14,3,2025-02-01,Delivered
2686,27,6,2026-03-18,Delivered
2687,48,10,2026-01-22,Delivered
2688,39,8,2026-11-27,Cancelled
2689,13,3,2026-06-24,Delivered
2690,27,5,2025-12-06,Delivered
2691,26,4,2025-10-10,Delivered
2692,26,6,2026-12-20,Delivered
2693,40,8,2026-04-11,Delivered
2694,39,7,2025-01-09,Delivered
2695,39,8,2025-06-03,Delivered
2696,13,2,2026-11-12,Delivered
2697,12,1,2025-10-29,Delivered
2698,13,2,2026-08-31,Delivered
2699,27,4,2026-03-17,Delivered
2700,27,5,2025-05-22,Delivered
2701,48,9,2026-05-30,Cancelled
2702,13,3,2025-10-05,Delivered
2703,59,12,2026-08-23,Delivered
2704,59,12,2026-04-30,Delivered
2705,28,5,2026-10-15,Cancelled
2706,59,12,2025-04-11,Delivered
2707,40,8,2025-06-27,Delivered
2708,48,9,2025-05-23,Delivered
2709,40,8,2026-03-03,Delivered
2710,40,8,2025-11-01,Delivered
2711,54,11,2026-01-20,Delivered
2712,28,5,2026-06-24,Delivered
2713,48,10,2026-12-03,Delivered
2714,28,5,2026-04-23,Delivered
2715,12,2,2026-07-27,Delivered
2716,40,8,2025-05-24,Delivered
2717,39,7,2026-08-18,Delivered
2718,59,12,2026-08-03,Delivered
2719,13,3,2026-02-07,Delivered
2720,39,7,2026-06-15,Delivered
2721,54,11,2025-10-04,Delivered
2722,54,11,2025-04-10,Delivered
2723,12,3,2025-03-04,Delivered
2724,48,9,2025-02-24,Delivered
2725,13,3,2026-05-23,Delivered
2726,26,5,2025-06-08,Delivered
2727,54,11,2025-01-07,Delivered
2728,13,1,2025-01-01,Delivered
2729,14,2,2025-09-11,Delivered
2730,28,4,2026-06-02,Delivered
2731,28,4,2025-11-04,Delivered
2732,26,6,2026-07-14,Delivered
2733,48,10,2026-11-05,Delivered
2734,13,3,2025-01-23,Delivered
2735,39,7,2025-06-24,Delivered
2736,26,4,2025-10-24,Cancelled
2737,27,5,2026-05-20,Delivered
2738,54,11,2026-12-16,Delivered
2739,13,2,2026-03-12,Delivered
2740,28,6,2026-08-01,Delivered
2741,48,10,2026-10-23,Delivered
2742,60,12,2025-12-30,Delivered
2743,26,4,2026-04-15,Delivered
2744,14,3,2026-05-31,Delivered
2745,12,3,2026-06-10,Delivered
2746,54,11,2026-11-03,Delivered
2747,26,6,2025-05-24,Delivered
2748,12,3,2026-02-08,Delivered
2749,40,7,2026-04-29,Delivered
2750,54,11,2026-06-04,Delivered
2751,40,8,2025-11-28,Delivered
2752,12,1,2026-02-18,Delivered
2753,14,3,2025-06-12,Delivered
2754,39,7,2026-11-27,Cancelled
2755,12,1,2025-08-31,Delivered
2756,54,11,2026-01-29,Delivered
2757,40,7,2025-03-05,Delivered
2758,28,5,2025-03-16,Delivered
2759,59,12,2025-01-31,Delivered
2760,27,6,2026-04-06,Delivered
2761,13,2,2025-07-24,Delivered
2762,14,3,2025-10-20,Delivered
2763,54,11,2026-06-26,Delivered
2764,40,7,2025-01-25,Delivered
2765,59,12,2025-05-24,Delivered
2766,39,7,2026-08-05,Delivered
2767,54,11,2026-11-30,Delivered
2768,40,8,2025-08-01,Delivered
2769,40,7,2026-01-01,Delivered
2770,28,5,2026-03-26,Delivered
2771,12,3,2026-08-06,Delivered
2772,39,7,2025-05-01,Delivered
2773,12,2,2025-12-05,Delivered
2774,28,5,2025-09-15,Delivered
2775,60,12,2025-06-11,Delivered
2776,54,11,2025-09-05,Delivered
2777,39,7,2025-02-28,Delivered
2778,48,9,2025-09-27,Delivered
2779,14,1,2025-09-25,Delivered
2780,54,11,2026-07-15,Delivered
2781,59,12,2026-11-11,Delivered
2782,54,11,2025-03-16,Delivered
2783,59,12,2025-03-14,Delivered
2784,59,12,2026-05-06,Delivered
2785,12,3,2025-04-17,Delivered
2786,28,5,2025-12-25,Delivered
2787,12,1,2025-08-22,Delivered
2788,39,8,2025-07-20,Delivered
2789,39,7,2025-01-19,Delivered
2790,48,10,2026-01-22,Delivered
2791,13,2,2026-07-17,Delivered
2792,60,12,2026-09-23,Delivered
2793,28,4,2025-12-18,Delivered
2794,40,7,2025-04-05,Delivered
2795,40,7,2026-07-04,Delivered
2796,54,11,2025-09-13,Delivered
2797,13,1,2026-03-26,Delivered
2798,48,9,2026-09-09,Cancelled
2799,40,8,2025-05-13,Delivered
2800,12,2,2026-11-04,Shipped
2801,39,8,2025-07-30,Delivered
2802,28,5,2025-08-14,Delivered
2803,26,6,2026-07-19,Delivered
2804,26,6,2025-10-01,Delivered
2805,26,5,2025-02-25,Delivered
2806,39,7,2026-09-29,Delivered
2807,54,11,2025-05-21,Delivered
2808,13,2,2026-07-21,Delivered
2809,12,1,2025-05-26,Delivered
2810,54,11,2026-10-28,Delivered
2811,26,6,2025-02-04,Delivered
2812,12,3,2025-03-28,Delivered
2813,54,11,2025-01-20,Delivered
2814,13,1,2025-08-18,Delivered
2815,12,2,2026-06-30,Delivered
2816,59,12,2025-12-23,Delivered
2817,54,11,2025-09-26,Delivered
2818,54,11,2025-12-16,Delivered
2819,54,11,2025-02-28,Cancelled
2820,26,6,2026-11-26,Delivered
2821,48,10,2026-08-10,Delivered
2822,28,4,2026-01-26,Delivered
2823,26,6,2025-01-16,Cancelled
2824,60,12,2025-03-29,Delivered
2825,12,2,2026-02-09,Delivered
2826,26,6,2026-11-07,Delivered
2827,12,2,2026-09-15,Delivered
2828,54,11,2025-11-25,Delivered
2829,28,5,2025-01-18,Delivered
2830,39,7,2026-01-03,Delivered
2831,59,12,2026-08-17,Delivered
2832,26,4,2026-07-19,Delivered
2833,54,11,2025-09-22,Delivered
2834,13,3,2026-05-22,Delivered
2835,48,9,2026-09-25,Delivered
2836,13,3,2025-02-09,Delivered
2837,26,6,2026-08-17,Delivered
2838,59,12,2025-03-04,Cancelled
2839,48,10,2025-01-17,Delivered
2840,40,8,2025-02-15,Delivered
2841,28,6,2026-06-04,Delivered
2842,26,5,2025-07-28,Delivered
2843,28,6,2026-11-29,Delivered
2844,13,2,2025-10-17,Delivered
2845,26,5,2026-01-04,Delivered
2846,28,5,2026-01-19,Delivered
2847,27,5,2025-06-14,Delivered
2848,12,3,2026-08-29,Delivered
2849,39,8,2025-11-17,Delivered
2850,54,11,2026-01-23,Delivered
2851,27,6,2025-06-03,Delivered
2852,60,12,2025-03-21,Delivered
2853,48,10,2026-08-12,Delivered
2854,54,11,2025-05-05,Delivered
2855,39,8,2026-11-07,Delivered
2856,54,11,2025-07-19,Delivered
2857,14,2,2025-12-03,Delivered
2858,54,11,2025-11-19,Delivered
2859,54,11,2026-04-01,Delivered
2860,40,7,2025-12-27,Delivered
2861,39,7,2026-11-01,Delivered
2862,14,1,2026-03-05,Delivered
2863,54,11,2025-09-08,Delivered
2864,13,2,2026-11-13,Delivered
2865,26,4,2025-12-16,Delivered
2866,60,12,2026-06-02,Delivered
2867,59,12,2025-07-22,Delivered
2868,28,6,2025-05-04,Delivered
2869,54,11,2026-04-27,Delivered
2870,12,1,2026-03-18,Cancelled
2871,39,8,2025-05-16,Delivered
2872,13,3,2025-12-29,Delivered
2873,26,5,2026-12-31,Processing
2874,40,7,2025-12-11,Cancelled
2875,12,2,2025-02-16,Delivered
2876,48,10,2026-02-23,Delivered
2877,48,9,2026-05-04,Delivered
2878,59,12,2026-08-27,Delivered
2879,40,8,2025-01-08,Delivered
2880,28,5,2026-04-10,Delivered
2881,26,4,2026-08-26,Delivered
2882,27,6,2026-05-21,Delivered
2883,40,8,2026-06-22,Delivered
2884,26,4,2026-01-29,Cancelled
2885,54,11,2025-02-12,Delivered
2886,40,8,2025-10-12,Delivered
2887,13,2,2025-10-19,Delivered
2888,14,1,2026-03-26,Delivered
2889,60,12,2025-09-23,Delivered
2890,26,4,2026-11-14,Delivered
2891,54,11,2026-06-05,Delivered
2892,60,12,2025-02-10,Delivered
2893,27,5,2025-01-27,Delivered
2894,28,5,2026-08-08,Delivered
2895,26,4,2026-04-10,Delivered
2896,28,5,2025-05-03,Delivered
2897,54,11,2025-03-30,Delivered
2898,60,12,2025-04-30,Delivered
2899,54,11,2025-08-16,Delivered
2900,26,6,2025-12-10,Delivered
2901,54,11,2026-11-20,Shipped
2902,28,6,2025-02-09,Delivered
2903,13,3,2025-11-22,Delivered
2904,12,3,2026-10-04,Delivered
2905,13,2,2025-09-09,Delivered
2906,48,10,2025-08-14,Delivered
2907,54,11,2026-05-12,Delivered
2908,48,9,2025-07-23,Cancelled
2909,12,1,2025-08-08,Delivered
2910,14,1,2026-09-18,Delivered
2911,26,5,2026-12-06,Shipped
2912,48,10,2025-08-29,Delivered
2913,59,12,2025-07-04,Delivered
2914,39,8,2026-11-16,Delivered
2915,39,7,2026-07-11,Delivered
2916,28,5,2025-10-22,Delivered
2917,28,4,2026-11-10,Delivered
2918,48,10,2025-11-23,Delivered
2919,13,2,2026-12-23,Processing
2920,40,7,2026-05-16,Delivered
2921,39,8,2025-10-02,Delivered
2922,26,5,2025-11-27,Delivered
2923,28,5,2026-03-29,Delivered
2924,39,7,2025-10-02,Delivered
2925,26,5,2025-02-16,Delivered
2926,39,7,2025-06-20,Delivered
2927,40,7,2026-09-21,Delivered
2928,59,12,2025-01-21,Delivered
2929,54,11,2025-04-03,Delivered
2930,12,1,2026-07-21,Delivered
2931,39,7,2026-01-06,Delivered
2932,54,11,2026-02-10,Delivered
2933,59,12,2025-06-15,Delivered
2934,54,11,2026-07-21,Delivered
2935,54,11,2025-01-21,Delivered
2936,12,2,2026-05-12,Delivered
2937,48,9,2025-08-24,Delivered
2938,54,11,2025-05-07,Delivered
2939,54,11,2025-05-15,Delivered
2940,12,3,2025-03-20,Delivered
2941,12,3,2026-03-02,Delivered
2942,59,12,2026-09-12,Delivered
2943,13,3,2026-02-05,Delivered
2944,28,6,2025-11-28,Delivered
2945,39,7,2025-10-08,Delivered
2946,40,8,2026-11-03,Delivered
2947,14,2,2025-04-06,Delivered
2948,26,6,2026-05-10,Delivered
2949,28,5,2025-09-08,Delivered
2950,54,11,2026-01-17,Delivered
2951,60,12,2026-08-15,Delivered
2952,27,6,2026-04-03,Delivered
2953,26,6,2025-11-15,Cancelled
2954,40,7,2025-04-08,Delivered
2955,40,7,2026-05-17,Delivered
2956,54,11,2026-09-24,Delivered
2957,26,5,2026-05-21,Delivered
2958,12,3,2025-06-04,Delivered
2959,54,11,2026-02-21,Delivered
2960,54,11,2026-07-30,Delivered
2961,14,2,2026-10-30,Delivered
2962,40,7,2026-06-11,Delivered
2963,48,10,2026-03-12,Delivered
2964,13,3,2025-01-14,Delivered
2965,28,4,2025-07-22,Delivered
2966,39,8,2026-03-11,Delivered
2967,28,4,2026-07-15,Delivered
2968,60,12,2026-03-22,Delivered
2969,59,12,2026-09-22,Delivered
2970,48,10,2026-06-20,Delivered
2971,39,7,2025-09-15,Delivered
2972,13,3,2025-05-19,Delivered
2973,26,4,2025-01-11,Delivered
2974,60,12,2025-03-10,Delivered
2975,13,1,2025-07-12,Delivered
2976,12,3,2025-12-05,Delivered
2977,12,3,2025-06-10,Delivered
2978,27,4,2025-08-20,Delivered
2979,26,5,2025-10-09,Delivered
2980,27,5,2025-11-10,Delivered
2981,39,7,2026-07-29,Delivered
2982,12,1,2025-06-06,Delivered
2983,40,7,2025-09-27,Delivered
2984,48,10,2026-08-25,Delivered
2985,40,8,2026-08-30,Delivered
2986,54,11,2025-01-03,Delivered
2987,13,1,2026-09-22,Delivered
2988,26,4,2025-01-01,Delivered
2989,28,5,2026-03-27,Delivered
2990,54,11,2026-05-28,Delivered
2991,54,11,2026-01-22,Delivered
2992,26,4,2026-06-19,Delivered
2993,59,12,2025-08-08,Delivered
2994,40,8,2026-03-24,Delivered
2995,48,10,2025-09-14,Delivered
2996,12,2,2025-07-02,Delivered
2997,27,5,2026-11-18,Delivered
2998,59,12,2026-07-28,Delivered
2999,59,12,2025-07-03,Delivered
3000,39,7,2026-01-05,Delivered
